id	title	description	link	image_link	additional_image_link	availability	price	condition	brand	google_product_category	product_type	identifier_exists
86280	3311 Pack x 3 Slip EYELIT Algodón Lisos	3311 Pack x 3 Slip EYELIT Algodón Lisos. Marca Eyelit. Colores: Surtido. Talles: S, M, L, XL, 2XL. Indumentaria y calzado de trabajo Pinillos.	https://www.pinillos.com.ar/3311-pack-x-3-slip-eyelit-algodon-lisos.html	https://plataforma.iduo.com.ar/Panelcontenidos/Contenidos/3311-pack-x-3-slip-eyelit-algodon-lisos-1770062951-0-0.png	https://plataforma.iduo.com.ar/Panelcontenidos/Contenidos/3311-pack-x-3-slip-eyelit-algodon-lisos-1770062951-0-1.png	in_stock	31447.90 ARS	new	Eyelit	Apparel & Accessories > Clothing > Underwear & Socks > Underwear	Slips	no
86266	Boxer EYELIT Algodon Art.641 - Gris	Boxer de algodon natural elastizado. De calce ajustado, se adapta confortablemente al cuerpo. Posee doble capa en refuerzo delantero y puño en piernas. Puede variar el color de los elasticos.	https://www.pinillos.com.ar/Boxer-eyelit-algodon-art641-gris.html	https://plataforma.iduo.com.ar/Panelcontenidos/Contenidos/Boxer-eyelit-algodon-art641-gris-1770045640-0-0.png	https://plataforma.iduo.com.ar/Panelcontenidos/Contenidos/Boxer-eyelit-algodon-art641-gris-1770045640-0-1.png,https://plataforma.iduo.com.ar/Panelcontenidos/Contenidos/Boxer-eyelit-algodon-art641-gris-1770045640-0-2.png,https://plataforma.iduo.com.ar/Panelcontenidos/Contenidos/Boxer-eyelit-algodon-art641-gris-1770045640-0-3.png	in_stock	14507.90 ARS	new	Eyelit	Apparel & Accessories > Clothing > Underwear & Socks > Underwear	Boxers	no
86265	Boxer EYELIT Algodon Art.641 - Negro	Boxer de algodon natural elastizado. De calce ajustado, se adapta confortablemente al cuerpo. Posee doble capa en refuerzo delantero y puño en piernas. Puede variar el color de los elasticos.	https://www.pinillos.com.ar/Boxer-eyelit-algodon-art641-negro.html	https://plataforma.iduo.com.ar/Panelcontenidos/Contenidos/Boxer-eyelit-algodon-art641-negro-1770045433-0-0.png	https://plataforma.iduo.com.ar/Panelcontenidos/Contenidos/Boxer-eyelit-algodon-art641-negro-1770045433-0-1.png,https://plataforma.iduo.com.ar/Panelcontenidos/Contenidos/Boxer-eyelit-algodon-art641-negro-1770045433-0-2.png,https://plataforma.iduo.com.ar/Panelcontenidos/Contenidos/Boxer-eyelit-algodon-art641-negro-1770045433-0-3.png	in_stock	14507.90 ARS	new	Eyelit	Apparel & Accessories > Clothing > Underwear & Socks > Underwear	Boxers	no
86264	Boxer EYELIT Algodon Art.641 - Azul	Boxer de algodon natural elastizado. De calce ajustado, se adapta confortablemente al cuerpo. Posee doble capa en refuerzo delantero y puño en piernas. Puede variar el color de los elasticos.	https://www.pinillos.com.ar/Boxer-eyelit-algodon-art641-azul.html	https://plataforma.iduo.com.ar/Panelcontenidos/Contenidos/Boxer-eyelit-algodon-art641-azul-1770044790-0-0.png	https://plataforma.iduo.com.ar/Panelcontenidos/Contenidos/Boxer-eyelit-algodon-art641-azul-1770044790-0-1.png,https://plataforma.iduo.com.ar/Panelcontenidos/Contenidos/Boxer-eyelit-algodon-art641-azul-1770044790-0-2.png	in_stock	14507.90 ARS	new	Eyelit	Apparel & Accessories > Clothing > Underwear & Socks > Underwear	Boxers	no
86103	Chomba BRAVO Micropiqué Azul Marino	¡Descubrí la elegancia y confort de nuestra Chomba puro Algodón en micropiqué! El diseño de la chomba cuenta con un cuello y puños tejidos con vivo al contratono, lo que le da un toque distintivo. Además, incluye un cierre con 2 botones nacarados y un logo bordado en la parte delantera superior izquierda, aportando un detalle de calidad. Disponible en Talle S al 4XL según stock Te recomendamos chequear la tabla de medidas de la prenda antes de comprar.	https://www.pinillos.com.ar/Chomba-bravo-micropique-azul-marino.html	https://plataforma.iduo.com.ar/Panelcontenidos/Contenidos/Chomba-bravo-micropique-azul-marino-1766777039-0-0.png	https://plataforma.iduo.com.ar/Panelcontenidos/Contenidos/Chomba-bravo-micropique-azul-marino-1766777039-0-1.png,https://plataforma.iduo.com.ar/Panelcontenidos/Contenidos/Chomba-bravo-micropique-azul-marino-1766777039-0-2.png	in_stock	44770.00 ARS	new	Bravo	Apparel & Accessories > Clothing > Shirts & Tops	Chombas	no
86104	Chomba BRAVO Micropiqué Verde	¡Descubrí la elegancia y confort de nuestra Chomba puro Algodón en micropiqué! El diseño de la chomba cuenta con un cuello y puños tejidos con vivo al contratono, lo que le da un toque distintivo. Además, incluye un cierre con 2 botones nacarados y un logo bordado en la parte delantera superior izquierda, aportando un detalle de calidad. Disponible en Talle S al 4XL según stock Te recomendamos chequear la tabla de medidas de la prenda antes de comprar.	https://www.pinillos.com.ar/Chomba-bravo-micropique-verde.html	https://plataforma.iduo.com.ar/Panelcontenidos/Contenidos/Chomba-bravo-micropique-verde-1766777015-0-0.png	https://plataforma.iduo.com.ar/Panelcontenidos/Contenidos/Chomba-bravo-micropique-verde-1766777015-0-1.png,https://plataforma.iduo.com.ar/Panelcontenidos/Contenidos/Chomba-bravo-micropique-verde-1766777015-0-2.png	in_stock	44770.00 ARS	new	Bravo	Apparel & Accessories > Clothing > Shirts & Tops	Chombas	no
86105	Chomba BRAVO Micropiqué Negro	¡Descubrí la elegancia y confort de nuestra Chomba puro Algodón en micropiqué! El diseño de la chomba cuenta con un cuello y puños tejidos con vivo al contratono, lo que le da un toque distintivo. Además, incluye un cierre con 2 botones nacarados y un logo bordado en la parte delantera superior izquierda, aportando un detalle de calidad. Disponible en Talle S al 4XL según stock Te recomendamos chequear la tabla de medidas de la prenda antes de comprar.	https://www.pinillos.com.ar/Chomba-bravo-micropique-negro.html	https://plataforma.iduo.com.ar/Panelcontenidos/Contenidos/Chomba-bravo-micropique-negro-1766776988-0-0.png		in_stock	44770.00 ARS	new	Bravo	Apparel & Accessories > Clothing > Shirts & Tops	Chombas	no
86106	Chomba BRAVO Micropiqué Rojo	¡Descubrí la elegancia y confort de nuestra Chomba puro Algodón en micropiqué! El diseño de la chomba cuenta con un cuello y puños tejidos con vivo al contratono, lo que le da un toque distintivo. Además, incluye un cierre con 2 botones nacarados y un logo bordado en la parte delantera superior izquierda, aportando un detalle de calidad. Disponible en Talle S al 4XL según stock Te recomendamos chequear la tabla de medidas de la prenda antes de comprar.	https://www.pinillos.com.ar/Chomba-bravo-micropique-rojo.html	https://plataforma.iduo.com.ar/Panelcontenidos/Contenidos/Chomba-bravo-micropique-rojo-1766777292-0-0.png	https://plataforma.iduo.com.ar/Panelcontenidos/Contenidos/Chomba-bravo-micropique-rojo-1766777292-0-1.png,https://plataforma.iduo.com.ar/Panelcontenidos/Contenidos/Chomba-bravo-micropique-rojo-1766777292-0-2.png,https://plataforma.iduo.com.ar/Panelcontenidos/Contenidos/Chomba-bravo-micropique-rojo-1766777292-0-3.png	in_stock	44770.00 ARS	new	Bravo	Apparel & Accessories > Clothing > Shirts & Tops	Chombas	no
80741	Pantalon Gabardina Pinzado	Descubrí la elegancia y el estilo clásico con nuestro pantalón de gabardina pinzada. Confeccionado con tejidos de alta calidad, este pantalón destaca por sus pinzas, su tela 100% algodón lo convierten en la opción perfecta para ocasiones formales o para darle un toque sofisticado a tu look diario. Un infaltable en tu guardarropa	https://www.pinillos.com.ar/Pantalon-gabardina-pinzado.html	https://plataforma.iduo.com.ar/Panelcontenidos/Contenidos/Pantalon-gabardina-pinzado-1742905278-0-0.jpg		in_stock	57838.00 ARS	new	Polo Men's	Apparel & Accessories > Clothing > Pants	Pantalones de vestir	no
79797	Pack x 2 Boxer EYELIT Seamless (liso rayado)	Este pack de 2 boxers de hombre de la reconocida marca Eyelit es ideal para los que buscan comodidad y estilo en su ropa interior. Confeccionados en un 85% de algodón, 10% poliamida y un 5% de elastano, garantizan un ajuste perfecto y durabilidad. El diseño tipo boxer shorts brinda una cobertura adecuada y un look moderno y casual. El modelo 514625 ofrece una combinación de materiales de alta calidad y un diseño clásico que se adapta a cualquier ocasión.	https://www.pinillos.com.ar/Pack-x-2-boxer-eyelit-seamless-liso-rayado.html	https://plataforma.iduo.com.ar/Panelcontenidos/Contenidos/Pack-x-2-boxer-eyelit-seamless-liso-rayado-1732387800-0-0.jpeg	https://plataforma.iduo.com.ar/Panelcontenidos/Contenidos/Pack-x-2-boxer-eyelit-seamless-liso-rayado-1732387800-0-1.png	in_stock	21538.00 ARS	new	Eyelit	Apparel & Accessories > Clothing > Underwear & Socks > Underwear	Boxers	no
79796	REMERA BRAVO S-XL Blanco	¡Descubrí nuestra Remera Básica! Confeccionada en jersey, cuya composición es 100% algodón. El diseño de la prenda es clásico, remera manga corta lisa, cuello en ribb al tono. Es un producto de la marca SNIPE. Disponible en talle S al 4XL, segun stock. Te recomendamos chequear la tabla de medidas antes de comprar.	https://www.pinillos.com.ar/Remera-bravo-s-xl-blanco.html	https://plataforma.iduo.com.ar/Panelcontenidos/Contenidos/Remera-bravo-s-xl-blanco-1732381564-0-0.png	https://plataforma.iduo.com.ar/Panelcontenidos/Contenidos/Remera-bravo-s-xl-blanco-1732381564-0-1.png,https://plataforma.iduo.com.ar/Panelcontenidos/Contenidos/Remera-bravo-s-xl-blanco-1732381564-0-2.png	in_stock	26378.00 ARS	new	Bravo	Apparel & Accessories > Clothing > Shirts & Tops	Remeras	no
79795	REMERA SNIPE S-XL Negro	¡Descubrí nuestra Remera Básica! Confeccionada en jersey, cuya composición es 100% algodón. El diseño de la prenda es clásico, remera manga corta lisa, cuello en ribb al tono. Es un producto de la marca SNIPE. Disponible en talle S al 4XL, segun stock. Te recomendamos chequear la tabla de medidas antes de comprar.	https://www.pinillos.com.ar/Remera-snipe-s-xl-negro.html	https://plataforma.iduo.com.ar/Panelcontenidos/Contenidos/Remera-snipe-s-xl-negro-1732381036-0-0.png	https://plataforma.iduo.com.ar/Panelcontenidos/Contenidos/Remera-snipe-s-xl-negro-1732381036-0-1.png,https://plataforma.iduo.com.ar/Panelcontenidos/Contenidos/Remera-snipe-s-xl-negro-1732381036-0-2.png,https://plataforma.iduo.com.ar/Panelcontenidos/Contenidos/Remera-snipe-s-xl-negro-1732381036-0-3.png,https://plataforma.iduo.com.ar/Panelcontenidos/Contenidos/Remera-snipe-s-xl-negro-1732381036-0-4.png	in_stock	26378.00 ARS	new	Snipe	Apparel & Accessories > Clothing > Shirts & Tops	Remeras	no
79794	REMERA SNIPE S-XL Gris	Descubrí nuestra Remera Básica! Confeccionada en jersey, cuya composición es 100% algodón. El diseño de la prenda es clásico, remera manga corta lisa, cuello en ribb al tono. Es un producto de la marca SNIPE. Disponible en talle S al 4XL, segun stock. Te recomendamos chequear la tabla de medidas antes de comprar.	https://www.pinillos.com.ar/Remera-snipe-s-xl-gris.html	https://plataforma.iduo.com.ar/Panelcontenidos/Contenidos/Remera-snipe-s-xl-gris-1732379806-0-0.png		in_stock	26378.00 ARS	new	Snipe	Apparel & Accessories > Clothing > Shirts & Tops	Remeras	no
79793	REMERA SNIPE S-XL Azul	¡Descubrí nuestra Remera Básica! Tejido Premium : Fabricada con Jersey 24/1 peinado y Ribb 24/1 peinado, garantiza un tacto suave y una experiencia de uso fresca durante todo el día. 100% Algodón : Compuesta íntegramente por algodón de la más alta calidad, ofrece una comodidad inigualable y una respirabilidad excepcional. Durabilidad Mejorada : Gracias al algodón peinado, la prenda promete una mayor resistencia y solidez, perfecta para el uso diario intensivo. Construcción Robusta : Las costuras de unión y remallado son testimonio de una confección meticulosa, lo que asegura una buena construcción y longevidad. Diseño Clásico : Con un cuello redondo y mangas cortas, su corte clásico se adapta a cualquier tipo de cuerpo, ofreciendo un look pulido y profesional. Adaptabilidad : Su elasticidad natural permite que la remera se ajuste y adhiera al cuerpo sin restringir el movimiento, proporcionando libertad y confort. Versatilidad : Ideal para entornos laborales, su estilo neutro y capacidad de combinar con cualquier prenda la convierten en un básico imprescindible en el guardarropa laboral. Te recomendamos chequear la tabla de medidas antes de comprar.	https://www.pinillos.com.ar/Remera-snipe-s-xl-azul.html	https://plataforma.iduo.com.ar/Panelcontenidos/Contenidos/Remera-snipe-s-xl-azul-1767362241-0-0.png	https://plataforma.iduo.com.ar/Panelcontenidos/Contenidos/Remera-snipe-s-xl-azul-1767362241-0-1.png,https://plataforma.iduo.com.ar/Panelcontenidos/Contenidos/Remera-snipe-s-xl-azul-1767362241-0-2.png	in_stock	26378.00 ARS	new	Snipe	Apparel & Accessories > Clothing > Shirts & Tops	Remeras	no
78985	AMBO ARCIEL	El Ambo Arciel es una inversión en estilo y distinción. Su tratamiento anti cloro lo hace resistente a las salpicaduras con Lavandina! Chaqueta: escote V. Posee tres bolsillos delanteros súper amplios (uno superior y dos inferiores) ideales para que lleves todos tus accesorios. Pantalón: cuenta con elástico en toda la cintura para que sea mucho más cómodo, también posee dos bolsillos laterales y uno plaque trasero. La botamanga es semi-angosta. Composición: de la chaqueta y pantalón – Tela Arciel INTA (65% Poliester, 35% Viscosa).	https://www.pinillos.com.ar/Ambo-arciel_1728785368.html	https://plataforma.iduo.com.ar/Panelcontenidos/Contenidos/Ambo-arciel-1729081494-0-0.png		in_stock	82038.00 ARS	new	Arciel	Apparel & Accessories > Clothing > Uniforms	Ambos	no
78668	Jean RICA LEWIS Semielastizado Italiano	"Jean localizado de Rica Lewis, semielastizado, de corte recto, con bandera ""italiana"" bordada en el bolsillo trasero"	https://www.pinillos.com.ar/Jean-rica-lewis-semielastizado-italiano.html	https://plataforma.iduo.com.ar/Panelcontenidos/Contenidos/Jean-rica-lewis-semielastizado-italiano-1726864001-0-0.jpg	https://plataforma.iduo.com.ar/Panelcontenidos/Contenidos/Jean-rica-lewis-semielastizado-italiano-1726864001-0-1.jpg,https://plataforma.iduo.com.ar/Panelcontenidos/Contenidos/Jean-rica-lewis-semielastizado-italiano-1726864001-0-2.jpg,https://plataforma.iduo.com.ar/Panelcontenidos/Contenidos/Jean-rica-lewis-semielastizado-italiano-1726864001-0-3.jpg,https://plataforma.iduo.com.ar/Panelcontenidos/Contenidos/Jean-rica-lewis-semielastizado-italiano-1726864001-0-4.jpg	in_stock	77440.00 ARS	new	Rica Lewis	Apparel & Accessories > Clothing > Pants	Jeans	no
78666	Jean Clasico RICA LEWIS Negro	Te presentamos nuestro Jean RICA LEWIS clásico de excelente calidad, confeccionado con lona gruesa resistente y muy buenas terminaciones. Este jean es ideal para aquellos que buscan una prenda duradera, elegante y atemporal.	https://www.pinillos.com.ar/Jean-clasico-rica-lewis-negro.html	https://plataforma.iduo.com.ar/Panelcontenidos/Contenidos/Jean-clasico-rica-lewis-negro-1726859944-0-0.jpg	https://plataforma.iduo.com.ar/Panelcontenidos/Contenidos/Jean-clasico-rica-lewis-negro-1726859944-0-1.jpg,https://plataforma.iduo.com.ar/Panelcontenidos/Contenidos/Jean-clasico-rica-lewis-negro-1726859944-0-2.jpg	in_stock	58080.00 ARS	new	Rica Lewis	Apparel & Accessories > Clothing > Pants	Jeans	no
77276	Calza Termica DUFOUR Boxer Largo	Calza Termica DUFOUR Boxer Largo. Marca Dufour. Colores: Negro. Talles: S, M, L, XL, 2XL. Indumentaria y calzado de trabajo Pinillos.	https://www.pinillos.com.ar/Calza-termica-dufour-boxer-largo.html	https://plataforma.iduo.com.ar/Panelcontenidos/Contenidos/Calza-termica-dufour-boxer-largo-1720041097-0-0.jpg	https://plataforma.iduo.com.ar/Panelcontenidos/Contenidos/Calza-termica-dufour-boxer-largo-1720041097-0-1.webp	in_stock	17908.00 ARS	new	Dufour	Apparel & Accessories > Clothing > Underwear & Socks > Underwear	Calzoncillos largos	no
77275	Camiseta Termica DUFOUR Manga Larga	Camiseta Termica DUFOUR Manga Larga. Marca Dufour. Colores: Negro. Talles: S, M, L, XL, 2XL. Indumentaria y calzado de trabajo Pinillos.	https://www.pinillos.com.ar/Camiseta-termica-dufour-manga-larga.html	https://plataforma.iduo.com.ar/Panelcontenidos/Contenidos/Camiseta-termica-dufour-manga-larga-1720041034-0-0.webp	https://plataforma.iduo.com.ar/Panelcontenidos/Contenidos/Camiseta-termica-dufour-manga-larga-1720041034-0-1.webp,https://plataforma.iduo.com.ar/Panelcontenidos/Contenidos/Camiseta-termica-dufour-manga-larga-1720041034-0-2.webp,https://plataforma.iduo.com.ar/Panelcontenidos/Contenidos/Camiseta-termica-dufour-manga-larga-1720041034-0-3.webp	in_stock	29040.00 ARS	new	Dufour	Apparel & Accessories > Clothing > Shirts & Tops	Camisetas	no
77274	Pullover WARRIOR Geometria	Pullover WARRIOR Geometria. Marca Warrior. Colores: Azul, Beige, Bordo, Gris, Negro. Talles: 38, 40, 42, 44, 46. Indumentaria y calzado de trabajo Pinillos.	https://www.pinillos.com.ar/Pullover-warrior-geometria.html	https://plataforma.iduo.com.ar/Panelcontenidos/Contenidos/Pullover-warrior-geometria-1720036712-0-0.png		in_stock	38720.00 ARS	new	Warrior	Apparel & Accessories > Clothing > Shirts & Tops	Pullovers	no
77273	Pullover WARRIOR Espigas	Pullover WARRIOR Espigas. Marca Warrior. Colores: Beige, Bordo, Gris, Negro. Talles: 38, 40, 42, 44, 46. Indumentaria y calzado de trabajo Pinillos.	https://www.pinillos.com.ar/Pullover-warrior-espigas_1720036187.html	https://plataforma.iduo.com.ar/Panelcontenidos/Contenidos/Pullover-warrior-espigas-1720036186-0-0.png		in_stock	38720.00 ARS	new	Warrior	Apparel & Accessories > Clothing > Shirts & Tops	Pullovers	no
77260	Camisa Viyela AERO 46-50	Camisa Viyela AERO 46-50. Marca Aero. Colores: Azul, Negro, Rojo. Talles: 46, 48, 50. Indumentaria y calzado de trabajo Pinillos.	https://www.pinillos.com.ar/Camisa-viyela-aero-46-50_1720035998.html	https://plataforma.iduo.com.ar/Panelcontenidos/Contenidos/Camisa-viyela-aero-46-50-1720035997-0-0.png		in_stock	22748.00 ARS	new	Aero	Apparel & Accessories > Clothing > Shirts & Tops	Camisas	no
77259	Camisa Viyela AERO 38-44	Camisa Viyela AERO 38-44. Marca Aero. Colores: Azul, Negro, Rojo. Talles: 38, 40, 42, 44. Indumentaria y calzado de trabajo Pinillos.	https://www.pinillos.com.ar/Camisa-viyela-aero-38-44.html	https://plataforma.iduo.com.ar/Panelcontenidos/Contenidos/Camisa-viyela-aero-38-44-1720036080-0-0.png		in_stock	19360.00 ARS	new	Aero	Apparel & Accessories > Clothing > Shirts & Tops	Camisas	no
77222	Camiseta PRIMUS Interlock M. Larga Cuello V 48-50	Camiseta PRIMUS Interlock M. Larga Cuello V 48-50. Marca Primus. Colores: Blanco. Talles: 48, 50. Indumentaria y calzado de trabajo Pinillos.	https://www.pinillos.com.ar/Camiseta-primus-interlock-m-larga-cuello-v-48-50.html	https://plataforma.iduo.com.ar/Panelcontenidos/Contenidos/Camiseta-primus-interlock-m-larga-cuello-v-48-50-1719602550-0-0.webp	https://plataforma.iduo.com.ar/Panelcontenidos/Contenidos/Camiseta-primus-interlock-m-larga-cuello-v-48-50-1719602550-0-1.webp,https://plataforma.iduo.com.ar/Panelcontenidos/Contenidos/Camiseta-primus-interlock-m-larga-cuello-v-48-50-1719602550-0-2.webp	in_stock	31479.36 ARS	new	Primus	Apparel & Accessories > Clothing > Shirts & Tops	Camisetas	no
77221	Camiseta PRIMUS Interlock M. Larga Cuello V 46	Camiseta PRIMUS Interlock M. Larga Cuello V 46. Marca Primus. Colores: Blanco. Talles: 46. Indumentaria y calzado de trabajo Pinillos.	https://www.pinillos.com.ar/Camiseta-primus-interlock-m-larga-cuello-v-46.html	https://plataforma.iduo.com.ar/Panelcontenidos/Contenidos/Camiseta-primus-interlock-m-larga-cuello-v-46-1719601396-0-0.webp	https://plataforma.iduo.com.ar/Panelcontenidos/Contenidos/Camiseta-primus-interlock-m-larga-cuello-v-46-1719601396-0-1.webp,https://plataforma.iduo.com.ar/Panelcontenidos/Contenidos/Camiseta-primus-interlock-m-larga-cuello-v-46-1719601396-0-2.webp	in_stock	28618.92 ARS	new	Primus	Apparel & Accessories > Clothing > Shirts & Tops	Camisetas	no
77220	Camiseta PRIMUS Interlock M. Larga Cuello V 38-44	Camiseta PRIMUS Interlock M. Larga Cuello V 38-44. Marca Primus. Colores: Blanco. Talles: 38, 40, 42, 44. Indumentaria y calzado de trabajo Pinillos.	https://www.pinillos.com.ar/Camiseta-primus-interlock-m-larga-cuello-v-38-44.html	https://plataforma.iduo.com.ar/Panelcontenidos/Contenidos/Camiseta-primus-interlock-m-larga-cuello-v-38-44-1719600599-0-0.webp		in_stock	26017.42 ARS	new	Primus	Apparel & Accessories > Clothing > Shirts & Tops	Camisetas	no
77215	Slip EYELIT 333 Algodon Rayado	Slip EYELIT 333 Algodon Rayado. Marca Eyelit. Colores: Azul, Gris, Negro, Rojo. Talles: M, L, XL, 2XL. Indumentaria y calzado de trabajo Pinillos.	https://www.pinillos.com.ar/Slip-eyelit-333-algodon-rayado.html	https://plataforma.iduo.com.ar/Panelcontenidos/Contenidos/Slip-eyelit-333-algodon-rayado-1719598346-0-0.jpeg		in_stock	13055.90 ARS	new	Eyelit	Apparel & Accessories > Clothing > Underwear & Socks > Underwear	Slips	no
77214	Pack x 3 Slips Algodon Lisos y Rayados	Pack x 3 Slips Algodon Lisos y Rayados. Marca Eyelit. Colores: Surtido. Talles: M, L, XL, 2XL. Indumentaria y calzado de trabajo Pinillos.	https://www.pinillos.com.ar/Pack-x-3-slips-algodon-lisos-y-rayados.html	https://plataforma.iduo.com.ar/Panelcontenidos/Contenidos/Pack-x-3-slips-algodon-lisos-y-rayados-1719597352-0-0.webp		in_stock	31447.90 ARS	new	Eyelit	Apparel & Accessories > Clothing > Underwear & Socks > Underwear	Slips	no
77213	Pack x 3 Slips Algodón Surtido	Pack x 3 Slips Algodón Surtido. Marca Eyelit. Colores: Surtido. Talles: S, M, L, XL, 2XL. Indumentaria y calzado de trabajo Pinillos.	https://www.pinillos.com.ar/Pack-x-3-slips-algodon-surtido.html	https://plataforma.iduo.com.ar/Panelcontenidos/Contenidos/Pack-x-3-slips-algodon-surtido-1770062043-0-0.webp	https://plataforma.iduo.com.ar/Panelcontenidos/Contenidos/Pack-x-3-slips-algodon-surtido-1770062043-0-1.webp,https://plataforma.iduo.com.ar/Panelcontenidos/Contenidos/Pack-x-3-slips-algodon-surtido-1770062043-0-2.webp,https://plataforma.iduo.com.ar/Panelcontenidos/Contenidos/Pack-x-3-slips-algodon-surtido-1770062043-0-3.webp	in_stock	31447.90 ARS	new	Eyelit	Apparel & Accessories > Clothing > Underwear & Socks > Underwear	Slips	no
77212	Slip EYELIT 329 Liso	Slip EYELIT 329 Liso. Marca Eyelit. Colores: Azul, Azul Francia, Blanco, Gris, Gris Topo, Negro, Rojo. Talles: M, L, XL, 2XL. Indumentaria y calzado de trabajo Pinillos.	https://www.pinillos.com.ar/Slip-eyelit-329-liso.html	https://plataforma.iduo.com.ar/Panelcontenidos/Contenidos/Slip-eyelit-329-liso-1719595059-0-0.webp		in_stock	15475.90 ARS	new	Eyelit	Apparel & Accessories > Clothing > Underwear & Socks > Underwear	Slips	no
77211	Slip EYELIT 1311 Algodón Liso	Slip EYELIT 1311 Algodón Liso. Marca Eyelit. Colores: Azul, Azul Francia, Azulino, Blanco, Bordo, Celeste, Gris, Gris Topo, Negro, Verde. Talles: S, M, L, XL, 2XL. Indumentaria y calzado de trabajo Pinillos.	https://www.pinillos.com.ar/Slip-eyelit-1311-algodon-liso.html	https://plataforma.iduo.com.ar/Panelcontenidos/Contenidos/Slip-eyelit-1311-algodon-liso-1768922360-0-0.webp		in_stock	12097.58 ARS	new	Eyelit	Apparel & Accessories > Clothing > Underwear & Socks > Underwear	Slips	no
77049	Camiseta PRIMUS Interlock M. Corta Cuello V 46	Camiseta PRIMUS Interlock M. Corta Cuello V 46. Marca Primus. Colores: Blanco. Talles: 46. Indumentaria y calzado de trabajo Pinillos.	https://www.pinillos.com.ar/Camiseta-primus-interlock-m-corta-cuello-v-46.html	https://plataforma.iduo.com.ar/Panelcontenidos/Contenidos/Camiseta-primus-interlock-m-corta-cuello-v-46-1718799023-0-0.webp	https://plataforma.iduo.com.ar/Panelcontenidos/Contenidos/Camiseta-primus-interlock-m-corta-cuello-v-46-1718799023-0-1.webp,https://plataforma.iduo.com.ar/Panelcontenidos/Contenidos/Camiseta-primus-interlock-m-corta-cuello-v-46-1718799023-0-2.webp	in_stock	23856.36 ARS	new	Primus	Apparel & Accessories > Clothing > Shirts & Tops	Camisetas	no
77048	Camiseta PRIMUS Interlock M. Corta Cuello V 38-44	Camiseta PRIMUS Interlock M. Corta Cuello V 38-44. Marca Primus. Colores: Blanco. Talles: 38, 40, 42, 44. Indumentaria y calzado de trabajo Pinillos.	https://www.pinillos.com.ar/Camiseta-primus-interlock-m-corta-cuello-v-38-44.html	https://plataforma.iduo.com.ar/Panelcontenidos/Contenidos/Camiseta-primus-interlock-m-corta-cuello-v-38-44-1718798734-0-0.webp	https://plataforma.iduo.com.ar/Panelcontenidos/Contenidos/Camiseta-primus-interlock-m-corta-cuello-v-38-44-1718798734-0-1.webp,https://plataforma.iduo.com.ar/Panelcontenidos/Contenidos/Camiseta-primus-interlock-m-corta-cuello-v-38-44-1718798734-0-2.webp	in_stock	21688.04 ARS	new	Primus	Apparel & Accessories > Clothing > Shirts & Tops	Camisetas	no
77046	Camiseta PRIMUS Interlock M. Corta Cuello Redondo 46	Camiseta PRIMUS Interlock M. Corta Cuello Redondo 46. Marca Primus. Colores: Blanco. Talles: 46. Indumentaria y calzado de trabajo Pinillos.	https://www.pinillos.com.ar/Camiseta-primus-interlock-m-corta-cuello-redondo-46.html	https://plataforma.iduo.com.ar/Panelcontenidos/Contenidos/Camiseta-primus-interlock-m-corta-cuello-redondo-46-1718798608-0-0.webp	https://plataforma.iduo.com.ar/Panelcontenidos/Contenidos/Camiseta-primus-interlock-m-corta-cuello-redondo-46-1718798608-0-1.webp,https://plataforma.iduo.com.ar/Panelcontenidos/Contenidos/Camiseta-primus-interlock-m-corta-cuello-redondo-46-1718798608-0-2.webp	in_stock	25049.42 ARS	new	Primus	Apparel & Accessories > Clothing > Shirts & Tops	Camisetas	no
77045	Camiseta PRIMUS Interlock M. Corta Cuello Redondo 38-44	Camiseta PRIMUS Interlock M. Corta Cuello Redondo 38-44. Marca Primus. Colores: Blanco. Talles: 38, 40, 42, 44. Indumentaria y calzado de trabajo Pinillos.	https://www.pinillos.com.ar/Camiseta-primus-interlock-m-corta-cuello-redondo-38-44.html	https://plataforma.iduo.com.ar/Panelcontenidos/Contenidos/Camiseta-primus-interlock-m-corta-cuello-redondo-38-44-1718798572-0-0.webp	https://plataforma.iduo.com.ar/Panelcontenidos/Contenidos/Camiseta-primus-interlock-m-corta-cuello-redondo-38-44-1718798572-0-1.webp,https://plataforma.iduo.com.ar/Panelcontenidos/Contenidos/Camiseta-primus-interlock-m-corta-cuello-redondo-38-44-1718798572-0-2.webp	in_stock	22772.20 ARS	new	Primus	Apparel & Accessories > Clothing > Shirts & Tops	Camisetas	no
77040	Media térmicas EYELIT	Medias térmicas Outdoors Eyelit -Máximo confort -Zonas Reforzadas -Hilado extra resistente Incluye: 1 Par de medias térmicas 85% Poliamida - 15% Elastano Talle: 38 a 45 de calzado	https://www.pinillos.com.ar/Media-termicas-eyelit_1718716528.html	https://plataforma.iduo.com.ar/Panelcontenidos/Contenidos/Media-termicas-eyelit-1719259643-0-0.webp	https://plataforma.iduo.com.ar/Panelcontenidos/Contenidos/Media-termicas-eyelit-1719259643-0-1.webp	in_stock	13915.00 ARS	new	Eyelit	Apparel & Accessories > Clothing > Underwear & Socks > Socks	Medias	no
76988	Jean RICA LEWIS American Gris Clásico	Presentamos el increíble Pantalón de Jean Rica Lewis, un verdadero ícono de la moda. Este pantalón, con su corte clásico y confeccionado con lona de alta calidad, te brindará comodidad y durabilidad inigualables. Características destacadas: Marca: Rica Lewis Color: Gris Corte: Clásico Material: Lona resistente Tallas disponibles: 38, 40, 42, 44, 46, 48, 50, 52, 54, 56, 58, 60 Ya no tenes que preocuparte por encontrar el talle perfecto, ya que ofrecemos una amplia gama de tallas que van desde el 38 hasta el 60. ¡En Pinillos encontrarás el pantalón perfecto que se ajuste a tu estilo y medida! Nuestro compromiso es brindarte la mejor experiencia de compra. No pierdas la oportunidad de lucir a la moda y sentirte cómodo al mismo tiempo. Este pantalón de jean Rica Lewis es ideal para cualquier ocasión, ya sea un evento casual o una salida con amigos. ¡Destaca tu estilo con este clásico atemporal! ¡Aprovecha esta oferta y llevate tu pantalón de Jean Rica Lewis ahora mismo! ¡No te quedes sin el tuyo!	https://www.pinillos.com.ar/Jean-rica-lewis-american-gris-clasico.html	https://plataforma.iduo.com.ar/Panelcontenidos/Contenidos/Jean-rica-lewis-american-gris-clasico-1718308281-0-0.webp	https://plataforma.iduo.com.ar/Panelcontenidos/Contenidos/Jean-rica-lewis-american-gris-clasico-1718308281-0-1.webp,https://plataforma.iduo.com.ar/Panelcontenidos/Contenidos/Jean-rica-lewis-american-gris-clasico-1718308281-0-2.webp,https://plataforma.iduo.com.ar/Panelcontenidos/Contenidos/Jean-rica-lewis-american-gris-clasico-1718308281-0-3.jpg	in_stock	60500.00 ARS	new	Rica Lewis	Apparel & Accessories > Clothing > Pants	Jeans	no
76982	Pantalon RICA LEWIS Clasico de Gabardina	Pantalon RICA LEWIS Clasico de Gabardina. Marca Rica Lewis. Colores: Azul, Negro, Verde. Talles: 38, 40, 42, 44, 46, 48, 50, 52, 54, 56, 58, 60. Indumentaria y calzado de trabajo Pinillos.	https://www.pinillos.com.ar/Pantalon-rica-lewis-clasico-de-gabardina.html	https://plataforma.iduo.com.ar/Panelcontenidos/Contenidos/Pantalon-rica-lewis-clasico-de-gabardina-1724075339-0-0.webp	https://plataforma.iduo.com.ar/Panelcontenidos/Contenidos/Pantalon-rica-lewis-clasico-de-gabardina-1724075339-0-1.png,https://plataforma.iduo.com.ar/Panelcontenidos/Contenidos/Pantalon-rica-lewis-clasico-de-gabardina-1724075339-0-2.jpg	in_stock	55660.00 ARS	new	Rica Lewis	Apparel & Accessories > Clothing > Pants	Jeans	no
76972	Remera COTAR Algodon 2XL-4XL	Remera COTAR para hombre, lisa manga corta cuello redondo, en jersey de algodón, en talles 2XL, 3XL y 4XL.	https://www.pinillos.com.ar/Remera-cotar-algodon-2xl-4xl.html	https://plataforma.iduo.com.ar/Panelcontenidos/Contenidos/Remera-cotar-algodon-2xl-4xl-1718155684-0-0.webp	https://plataforma.iduo.com.ar/Panelcontenidos/Contenidos/Remera-cotar-algodon-2xl-4xl-1718155684-0-1.webp,https://plataforma.iduo.com.ar/Panelcontenidos/Contenidos/Remera-cotar-algodon-2xl-4xl-1718155684-0-2.webp,https://plataforma.iduo.com.ar/Panelcontenidos/Contenidos/Remera-cotar-algodon-2xl-4xl-1718155684-0-3.webp	in_stock	18876.00 ARS	new	Cotar	Apparel & Accessories > Clothing > Shirts & Tops	Remeras	no
76971	Remera COTAR Algodon S-XL	Remera COTAR para hombre, lisa manga corta cuello redondo, en jersey de algodón, en talles S, M, L y XL.	https://www.pinillos.com.ar/Remera-cotar-algodon-s-xl.html	https://plataforma.iduo.com.ar/Panelcontenidos/Contenidos/Remera-cotar-algodon-s-xl-1718152649-0-0.webp	https://plataforma.iduo.com.ar/Panelcontenidos/Contenidos/Remera-cotar-algodon-s-xl-1718152649-0-1.webp,https://plataforma.iduo.com.ar/Panelcontenidos/Contenidos/Remera-cotar-algodon-s-xl-1718152649-0-2.webp,https://plataforma.iduo.com.ar/Panelcontenidos/Contenidos/Remera-cotar-algodon-s-xl-1718152649-0-3.webp	in_stock	16262.40 ARS	new	Cotar	Apparel & Accessories > Clothing > Shirts & Tops	Remeras	no
76969	Chaleco PAMPERO Matelaseado	El chaleco Pampero matelaseado es para cualquier estación del año. El calce de la prenda es más bien suelto facilitando la adaptación a distintos contornos de cuerpo. Por ser un básico es combinable con todo tipo de pantalones y camisas Hecho en microfibra matelaseada con rombo de 3x3 y guata de 100gr, la forrería es en tafeta al tono. Vivos e interior de cuello en corderoy de 12 vastas al tono. El talle L tiene 60 cm de ancho por 70 cm de largo. La etiqueta de identificación de marca es en cuero y va aplicado 5 cm debajo del cuello centrado. Composición: 100% Poliéster	https://www.pinillos.com.ar/Chaleco-pampero-matelaseado_1718139349.html	https://plataforma.iduo.com.ar/Panelcontenidos/Contenidos/Chaleco-pampero-matelaseado-1718732976-0-0.jpg		in_stock	60500.00 ARS	new	Pampero	Apparel & Accessories > Clothing > Outerwear > Coats & Jackets	Camperas	no
77044	Pantalon PAMPERO ORIGINAL Cargo FIT Elastizado	Pantalon PAMPERO ORIGINAL Cargo FIT Elastizado Modelo elastizado dos bolsillos laterales, dos bolsillos posteriores aplicados, dos bolsillos cargo en la pierna.	https://www.pinillos.com.ar/Pantalon-pampero-original-cargo-fit-elastizado.html	https://plataforma.iduo.com.ar/Panelcontenidos/Contenidos/Pantalon-pampero-original-cargo-fit-elastizado-1718739437-0-0.jpeg		in_stock	74995.80 ARS	new	Pampero	Apparel & Accessories > Clothing > Pants	Pantalones cargo	no
74097	525 Boxer corto de Algodon	Bóxer corto de algodón Art.525 Bóxer de algodón natural elastizado. De calce ajustado, se adapta confortablemente al cuerpo. Posee doble capa en refuerzo delantero y puño levemente ajustado en las piernas. ____________________________________ Talles: M a XXL (Guía de talles) 36/38 = S 40/42 = M 44/46 = L 48/50 = XL 52/54 = XXL ____________________________________ • Nos encontramos en Constitución, a metros de la estación de tren y subte. • Horario de atención: Lunes a Viernes 9 a 13 y 14 a 18 • Colectivos: 12, 28, 45, 46, 51, 53, 59, 84, 90, 96, 97, 98, 100, 102, 143, 168 • Subte: Linea C, Estación Constitución • Tren: Linea Roca, Estación Constitución • Emitimos Factura A y B • Envíos a todo el país ¯¯¯¯¯¯¯¯¯¯¯¯¯¯¯¯¯¯¯¯¯¯¯¯¯¯¯¯¯¯¯¯¯¯¯¯¯¯¯¯¯¯¯¯¯ ¡Estamos para lo que necesites no dudes en consultarnos!	https://www.pinillos.com.ar/525-boxer-corto-de-algodon.html	https://plataforma.iduo.com.ar/Panelcontenidos/Contenidos/525-boxer-corto-de-algodon-1703799571-0-0.jpg		in_stock	16927.90 ARS	new	Eyelit	Apparel & Accessories > Clothing > Underwear & Socks > Underwear	Boxers	no
74094	508 Boxer Alg/Lycra elastico a la vista con puño	Bóxer de algodón a lunares Art.508 Bóxer de algodón natural elastizado. De calce ajustado, se adapta confortablemente al cuerpo. Posee doble capa en refuerzo delantero y puño en piernas. ____________________________________ Talles: M a XXL (Guía de talles) 36/38 = S 40/42 = M 44/46 = L 48/50 = XL 52/54 = XXL ____________________________________ • Nos encontramos en Constitución, a metros de la estación de tren y subte. • Horario de atención: Lunes a Viernes 9 a 13 y 14 a 18 • Colectivos: 12, 28, 45, 46, 51, 53, 59, 84, 90, 96, 97, 98, 100, 102, 143, 168 • Subte: Linea C, Estación Constitución • Tren: Linea Roca, Estación Constitución • Emitimos Factura A y B • Envíos a todo el país ¯¯¯¯¯¯¯¯¯¯¯¯¯¯¯¯¯¯¯¯¯¯¯¯¯¯¯¯¯¯¯¯¯¯¯¯¯¯¯¯¯¯¯¯¯ ¡Estamos para lo que necesites no dudes en consultarnos!	https://www.pinillos.com.ar/508-boxer-alglycra-elastico-a-la-vista-con-puno.html	https://plataforma.iduo.com.ar/Panelcontenidos/Contenidos/508-boxer-alglycra-elastico-a-la-vista-con-puno-1703791398-0-0.webp	https://plataforma.iduo.com.ar/Panelcontenidos/Contenidos/508-boxer-alglycra-elastico-a-la-vista-con-puno-1703791398-0-1.webp	in_stock	21767.90 ARS	new	Eyelit	Apparel & Accessories > Clothing > Underwear & Socks > Underwear	Boxers	no
74082	CAMPERA TRUCKER PAMPERO S-3XL	CAMPERA TRUCKER PAMPERO DESCRIPCIÓN Campera Repelente al Agua forrada en matelasse con guata 180 gramos. Tapa cierre con ajuste de velcro Capucha desmontable Puños con elástico MATERIALES - Trucker: tela 100% poliéster con tramado especial y revés resinado que le confiere una muy buena resistencia a la abrasión y a la tracción, siendo muy liviana y flexible. - Forro de Matelasse - Relleno guata 180 gramos - Cierres YKK	https://www.pinillos.com.ar/Campera-trucker-pampero-s-3xl.html	https://plataforma.iduo.com.ar/Panelcontenidos/Contenidos/Campera-trucker-pampero-s-3xl-1703623630-0-0.jpeg		in_stock	77440.00 ARS	new	Pampero	Apparel & Accessories > Clothing > Outerwear > Coats & Jackets	Camperas	no
73892	Faja Lumbar OMBU	Faja Lumbar OMBU La Faja de Protección Lumbar OMBU combina funcionalidad superior y diseño ergonómico para ofrecer una solución integral en el soporte lumbar para ambientes laborales. Diseñada con elastano reforzado y una estructura de malla elastizada, esta faja se caracteriza por su capacidad de ajuste personalizado y su diseño que no compromete la movilidad del usuario. Características Técnicas: Material: Elastano reforzado para durabilidad y flexibilidad. Estructura: Malla elastizada que permite la transpirabilidad y las ballenas con cinta antideslizante aseguran una colocación óptima. Ajuste: Bandas laterales regulables y tiradores elásticos que se adaptan a diferentes tallas, desde S hasta XXL. Soporte: Ballenas posteriores con cinta antideslizante para un soporte firme y estable en la zona lumbar. Cierre: Velcro de alta resistencia para un cierre seguro y duradero. Confección: Diseño pensado para proporcionar una amplia superficie de ajuste, adaptándose perfectamente al cuerpo del trabajador. Talla de la etiqueta Centímetro S 80 a 90 cm M 90 a 100 cm L 100 a 110 cm XL 110 a 120 cm XXL 120 a 130 cm	https://www.pinillos.com.ar/Faja-lumbar-ombu_1701639179.html	https://plataforma.iduo.com.ar/Panelcontenidos/Contenidos/Faja-lumbar-ombu-1721323337-0-0.png	https://plataforma.iduo.com.ar/Panelcontenidos/Contenidos/Faja-lumbar-ombu-1721323337-0-1.webp,https://plataforma.iduo.com.ar/Panelcontenidos/Contenidos/Faja-lumbar-ombu-1721323337-0-2.webp,https://plataforma.iduo.com.ar/Panelcontenidos/Contenidos/Faja-lumbar-ombu-1721323337-0-3.png	in_stock	21436.36 ARS	new	Ombu	Health & Beauty > Health Care > Supports & Braces	Fajas lumbares	no
73799	Bermuda Cargo Elastizada BRAVO	Bermuda Cargo Elastizada BRAVO. Marca Bravo. Colores: Azul, Verde. Talles: 40, 42, 44, 46, 48, 50, 52, 54. Indumentaria y calzado de trabajo Pinillos.	https://www.pinillos.com.ar/Bermuda-cargo-elastizada-bravo_1718720809.html	https://plataforma.iduo.com.ar/Panelcontenidos/Contenidos/Bermuda-cargo-elastizada-bravo-1701541616-0-0.webp	https://plataforma.iduo.com.ar/Panelcontenidos/Contenidos/Bermuda-cargo-elastizada-bravo-1701541616-0-1.webp,https://plataforma.iduo.com.ar/Panelcontenidos/Contenidos/Bermuda-cargo-elastizada-bravo-1701541616-0-2.webp,https://plataforma.iduo.com.ar/Panelcontenidos/Contenidos/Bermuda-cargo-elastizada-bravo-1701541616-0-3.webp	in_stock	49852.00 ARS	new	Bravo	Apparel & Accessories > Clothing > Shorts	Bermudas cargo	no
73798	Bombacha de Campo OMBU	Bombacha de Campo OMBU. Marca Ombu. Colores: Beige, Negro, Verde. Talles: 38, 40, 42, 44, 46, 48, 50, 52, 54, 56, 58, 60. Indumentaria y calzado de trabajo Pinillos.	https://www.pinillos.com.ar/Bombacha-de-campo-ombu_1705335526.html	https://plataforma.iduo.com.ar/Panelcontenidos/Contenidos/Bombacha-de-campo-ombu-1701538083-0-0.jpg		in_stock	52983.48 ARS	new	Ombu	Apparel & Accessories > Clothing > Pants	Bombachas de campo	no
73766	Pantalon Cargo OMBU 38-60	Pantalon Cargo OMBU 38-60. Marca Ombu. Colores: Azul, Beige, Negro, Verde. Talles: 38, 40, 42, 44, 46, 48, 50, 52, 54, 56, 58, 60. Indumentaria y calzado de trabajo Pinillos.	https://www.pinillos.com.ar/Pantalon-cargo-ombu-38-60.html	https://plataforma.iduo.com.ar/Panelcontenidos/Contenidos/Pantalon-cargo-ombu-38-60-1701451825-0-0.png		in_stock	62980.50 ARS	new	Ombu	Apparel & Accessories > Clothing > Pants	Pantalones cargo	no
73732	Remera BRAVO Route Algodon	Remera BRAVO Route Algodon. Marca Bravo. Colores: Ladrillo. Talles: S, M, L, XL, 2XL, 3XL, 4XL. Indumentaria y calzado de trabajo Pinillos.	https://www.pinillos.com.ar/Remera-bravo-route-algodon.html	https://plataforma.iduo.com.ar/Panelcontenidos/Contenidos/Remera-bravo-route-algodon-1701283856-0-0.png	https://plataforma.iduo.com.ar/Panelcontenidos/Contenidos/Remera-bravo-route-algodon-1701283856-0-1.png	in_stock	37340.60 ARS	new	Bravo	Apparel & Accessories > Clothing > Shirts & Tops	Remeras	no
73730	Remera BRAVO Honor Algodon	Remera BRAVO Honor Algodon. Marca Bravo. Talles: S, M, L, XL, 2XL, 3XL, 4XL. Indumentaria y calzado de trabajo Pinillos.	https://www.pinillos.com.ar/Remera-bravo-honor-algodon.html	https://plataforma.iduo.com.ar/Panelcontenidos/Contenidos/Remera-bravo-honor-algodon-1719589338-0-0.png	https://plataforma.iduo.com.ar/Panelcontenidos/Contenidos/Remera-bravo-honor-algodon-1719589338-0-1.png,https://plataforma.iduo.com.ar/Panelcontenidos/Contenidos/Remera-bravo-honor-algodon-1719589338-0-2.png,https://plataforma.iduo.com.ar/Panelcontenidos/Contenidos/Remera-bravo-honor-algodon-1719589338-0-3.png,https://plataforma.iduo.com.ar/Panelcontenidos/Contenidos/Remera-bravo-honor-algodon-1719589338-0-4.png	in_stock	37340.60 ARS	new	Bravo	Apparel & Accessories > Clothing > Shirts & Tops	Remeras	no
77043	Remera BRAVO Explore Algodon	Remera BRAVO Explore Algodon. Marca Bravo. Colores: Azul. Talles: S, M, L, XL, 2XL, 3XL, 4XL. Indumentaria y calzado de trabajo Pinillos.	https://www.pinillos.com.ar/Remera-bravo-explore-algodon.html	https://plataforma.iduo.com.ar/Panelcontenidos/Contenidos/Remera-bravo-explore-algodon-1718731661-0-0.png		in_stock	37340.60 ARS	new	Bravo	Apparel & Accessories > Clothing > Shirts & Tops	Remeras	no
73728	Remera BRAVO Coming Algodon	Remera BRAVO Coming Algodon. Marca Bravo. Colores: Azul Francia. Indumentaria y calzado de trabajo Pinillos.	https://www.pinillos.com.ar/Remera-bravo-coming-algodon.html	https://plataforma.iduo.com.ar/Panelcontenidos/Contenidos/Remera-bravo-coming-algodon-1701209392-decontenido0.png		in_stock	37340.60 ARS	new	Bravo	Apparel & Accessories > Clothing > Shirts & Tops	Remeras	no
73727	Remera BRAVO Wild Algodon	Remera BRAVO Wild Algodon. Marca Bravo. Colores: Rojo. Talles: S, M, L, XL, 2XL, 3XL, 4XL. Indumentaria y calzado de trabajo Pinillos.	https://www.pinillos.com.ar/Remera-bravo-wild-algodon.html	https://plataforma.iduo.com.ar/Panelcontenidos/Contenidos/Remera-bravo-wild-algodon-1701284225-0-0.jpg		in_stock	37340.60 ARS	new	Bravo	Apparel & Accessories > Clothing > Shirts & Tops	Remeras	no
73724	Remera BRAVO Custom Algodon	Remera BRAVO Custom Algodon. Marca Bravo. Colores: Celeste. Indumentaria y calzado de trabajo Pinillos.	https://www.pinillos.com.ar/Remera-bravo-custom-algodon.html	https://plataforma.iduo.com.ar/Panelcontenidos/Contenidos/Remera-bravo-custom-algodon-1701205965-decontenido0.png		in_stock	37340.60 ARS	new	Bravo	Apparel & Accessories > Clothing > Shirts & Tops	Remeras	no
73705	Bermuda AIRE LIBRE Cargo	BERMUDA OMBU AIRE LIBRE CARGO Tipo: Cargo. Talle: 38-60 Colores: Azul, Negro 100% ALGODON.	https://www.pinillos.com.ar/Bermuda-aire-libre-cargo.html	https://plataforma.iduo.com.ar/Panelcontenidos/Contenidos/Bermuda-aire-libre-cargo-1700860354-0-0.webp	https://plataforma.iduo.com.ar/Panelcontenidos/Contenidos/Bermuda-aire-libre-cargo-1700860354-0-1.webp	in_stock	60594.38 ARS	new	Aire Libre	Apparel & Accessories > Clothing > Shorts	Bermudas cargo	no
74440	Pantalon Cargo Fit Camuflado PAMPERO	Pantalon Cargo Fit Camuflado PAMPERO. Marca Pampero. Colores: Gris, Verde. Talles: 38, 40, 42, 44, 46, 48, 50, 52, 54. Indumentaria y calzado de trabajo Pinillos.	https://www.pinillos.com.ar/Pantalon-cargo-fit-camuflado-pampero_1706627447.html	https://plataforma.iduo.com.ar/Panelcontenidos/Contenidos/Pantalon-cargo-fit-camuflado-pampero-1718737075-0-0.png	https://plataforma.iduo.com.ar/Panelcontenidos/Contenidos/Pantalon-cargo-fit-camuflado-pampero-1718737075-0-1.png	in_stock	80273.82 ARS	new	Pampero	Apparel & Accessories > Clothing > Pants	Pantalones cargo	no
73694	Bermuda PAMPERO Cargo FIT Elastizada	Bermuda PAMPERO Cargo FIT elastizada beige uso intensivo talles 38/54 Bermuda cargo elastizada PAMPERO para hombre, Corte entallado, en gabardina elastizada, Bolsillos cargo, bolsillos delanteros y traseros tipo sastre. • Nos encontramos en Constitución, a metros de la estación de tren y subte. • Horario de atención: Lunes a Viernes 9 a 13 y 14 a 18 • Colectivos: 12, 28, 45, 46, 51, 53, 59, 84, 90, 96, 97, 98, 100, 102, 143, 168 • Subte: Linea C, Estación Constitución • Tren: Linea Roca, Estación Constitución • Emitimos Factura A y B • Envíos a todo el país ¯¯¯¯¯¯¯¯¯¯¯¯¯¯¯¯¯¯¯¯¯¯¯¯¯¯¯¯¯¯¯¯¯¯¯¯¯¯¯¯¯¯¯¯¯ ¡Estamos para lo que necesites no dudes en consultarnos!	https://www.pinillos.com.ar/Bermuda-pampero-cargo-fit-elastizada.html	https://plataforma.iduo.com.ar/Panelcontenidos/Contenidos/Bermuda-pampero-cargo-fit-elastizada-1706536247-0-0.png	https://plataforma.iduo.com.ar/Panelcontenidos/Contenidos/Bermuda-pampero-cargo-fit-elastizada-1706536247-0-1.png,https://plataforma.iduo.com.ar/Panelcontenidos/Contenidos/Bermuda-pampero-cargo-fit-elastizada-1706536247-0-2.png,https://plataforma.iduo.com.ar/Panelcontenidos/Contenidos/Bermuda-pampero-cargo-fit-elastizada-1706536247-0-3.png	in_stock	68193.18 ARS	new	Pampero	Apparel & Accessories > Clothing > Shorts	Bermudas cargo	no
73696	Alpargatas CONFORTABLE	Alpargatas CONFORTABLE. Marca Confortable. Colores: Azul, Bordo, Negro, Verde. Talles: 38, 39, 40, 41, 42, 43, 44, 45. Indumentaria y calzado de trabajo Pinillos.	https://www.pinillos.com.ar/Alpargatas-confortable.html	https://plataforma.iduo.com.ar/Panelcontenidos/Contenidos/Alpargatas-confortable-1700858003-0-0.webp	https://plataforma.iduo.com.ar/Panelcontenidos/Contenidos/Alpargatas-confortable-1700858003-0-1.webp	in_stock	18150.00 ARS	new	Confortable	Apparel & Accessories > Shoes	Alpargatas	no
73622	Pantalon de Trabajo OMBU	El Pantalón de Trabajo Ombu es la indumentaria definitiva para profesionales que buscan durabilidad sin comprometer el confort. Fabricado con tela Grafa Ombu de primera calidad, este pantalón está pensado para resistir las demandas de cualquier jornada laboral. Características : Textil Premium: Confeccionado con 100% algodón en tejido Sarga 2/1, proporciona una resistencia superior y comodidad excepcional. Pre-Encogido y Colores Firmes: El tejido pre-encogido y teñido garantiza que el pantalón mantenga su forma y color lavado tras lavado, con una resistencia comprobada de hasta 50 ciclos. Terminación Anti-Olor: Una terminación exclusiva que previene la proliferación de hongos y bacterias, evitando los olores y manteniendo la frescura. Triple Costura de Refuerzo: Cada costura ha sido intensificada para ofrecer una durabilidad extendida, ideal para trabajos que requieren movimiento constante. Diseño Práctico: Incorpora 6 bolsillos de gabardina resistentes, diseñados para llevar herramientas y objetos personales de forma segura. Beneficios: Distribuidor Oficial Ombu: Garantía de autenticidad y calidad de un distribuidor oficial. Versatilidad: Disponible en varios colores para adaptarse a diferentes gustos y necesidades profesionales. Funcionalidad: Diseño que combina estilo y practicidad para el trabajador moderno. Cuidados del Producto: Lavar a máquina con agua fría y colores similares. Evitar el uso de blanqueadores y secar a temperatura baja. Planchar a temperatura media si se requiere. Talle Cadera Largo de pierna Largo Cintura 40 51 cm 82 cm 107,5 cm 40 cm 42 53 cm 82 cm 108 cm 42 cm 44 55 cm 82 cm 108,5 cm 44 cm 46 57 cm 82 cm 109 cm 46 cm 48 59 cm 82 cm 109,5 cm 48 cm 50 61 cm 82 cm 110 cm 50 cm 52 63 cm 83 cm 110,5 cm 52 cm 54 65 cm 83 cm 111 cm 54 cm	https://www.pinillos.com.ar/Pantalon-de-trabajo-ombu_1700087635.html	https://plataforma.iduo.com.ar/Panelcontenidos/Contenidos/Pantalon-de-trabajo-ombu-1727703628-0-0.png		in_stock	41887.78 ARS	new	Ombu	Apparel & Accessories > Clothing > Pants	Pantalones	no
73620	Camisa de trabajo OMBU 50-54	La Camisa de Trabajo Ombú se destaca en el ámbito laboral por su composición de Grafa Ombú de primera calidad, un textil reconocido por su resistencia y confort. Elaborada con un 100% de algodón puro en tejido Sarga 2/1, esta prenda ofrece una experiencia de uso superior gracias a sus características técnicas avanzadas: Textil de Alta Calidad: La sarga de algodón 100% proporciona una textura resistente y confortable, ideal para el uso diario en condiciones demandantes. Pre-Encogido y Colores Firmes: La prenda ha sido sometida a un proceso de pre-encogido que garantiza la retención de la forma y colores vivos y duraderos que resisten múltiples ciclos de lavado. Terminación Anti-Olor: Una innovadora terminación anti-olor que evita la proliferación de hongos y bacterias, manteniendo la camisa fresca y libre de malos olores. Durabilidad: Con una resistencia garantizada para 50 lavados, la camisa mantiene sus propiedades y apariencia tras uso continuo y cuidado estándar. Triple Costura de Refuerzo: Cada costura ha sido reforzada para resistir el desgaste, proporcionando una durabilidad excepcional en las áreas de mayor tensión. Esta camisa no solo está diseñada para soportar las exigencias de la jornada laboral, sino que también cumple con el compromiso de sostenibilidad a través de su certificación ARA (Algodón Responsable Argentino), asegurando que el algodón ha sido cultivado y procesado siguiendo prácticas responsables. Cuidados del Producto: Para el mantenimiento de la camisa, se recomienda lavado a máquina con agua fría y colores similares. No usar blanqueadores y secar a baja temperatura. Planchar a temperatura media si es necesario. Talles Talla de la etiqueta Equivalencias Contorno del pecho Contorno de la cintura 38 XS 62 cm 62 cm 40 S 62.5 cm 62.5 cm 42 M 63 cm 63 cm 44 L 63.5 cm 63.5 cm 46 XL 64 cm 64 cm 48 XL 64.5 cm 64.5 cm 50 2XL 65 cm 65 cm 52 2XL 65.5 cm 65.5 cm 54 3XL 66 cm 66 cm 56 3XL 66.5 cm 66.5 cm 58 4XL 67 cm 67 cm 60 4XL 67.5 cm 67.5 cm 5-6 3XL 66 cm 66.5 cm Pecho: Comenzando por la axila, rodeá con un centímetro la parte más ancha del tórax Cintura: Parate y juntá los pies. Después, medí la parte más estrecha de tu cuerpo entre el pecho y la cadera.	https://www.pinillos.com.ar/Camisa-de-trabajo-ombu-50-54.html	https://plataforma.iduo.com.ar/Panelcontenidos/Contenidos/Camisa-de-trabajo-ombu-50-54-1721322410-0-0.webp	https://plataforma.iduo.com.ar/Panelcontenidos/Contenidos/Camisa-de-trabajo-ombu-50-54-1721322410-0-1.webp,https://plataforma.iduo.com.ar/Panelcontenidos/Contenidos/Camisa-de-trabajo-ombu-50-54-1721322410-0-2.webp,https://plataforma.iduo.com.ar/Panelcontenidos/Contenidos/Camisa-de-trabajo-ombu-50-54-1721322410-0-3.webp	in_stock	45728.32 ARS	new	Ombu	Apparel & Accessories > Clothing > Shirts & Tops	Camisas	no
73597	Chomba BRAVO Rayada Puro Algodon	Chomba BRAVO Rayada Puro Algodon. Marca Bravo. Colores: Azul, Gris. Talles: S, M, L, XL, 2XL, 3XL. Indumentaria y calzado de trabajo Pinillos.	https://www.pinillos.com.ar/Chomba-bravo-rayada-puro-algodon_1701698541.html	https://plataforma.iduo.com.ar/Panelcontenidos/Contenidos/Chomba-bravo-rayada-puro-algodon-1701710555-0-0.png	https://plataforma.iduo.com.ar/Panelcontenidos/Contenidos/Chomba-bravo-rayada-puro-algodon-1701710555-0-1.png	in_stock	50820.00 ARS	new	Bravo	Apparel & Accessories > Clothing > Shirts & Tops	Chombas	no
73598	Remera BRAVO Journey Algodon	Remera BRAVO Journey Algodon. Marca Bravo. Colores: Negro. Talles: S, M, L, XL, 2XL, 3XL, 4XL. Indumentaria y calzado de trabajo Pinillos.	https://www.pinillos.com.ar/Remera-bravo-journey-algodon.html	https://plataforma.iduo.com.ar/Panelcontenidos/Contenidos/Remera-bravo-journey-algodon-1701284326-0-0.png		in_stock	37340.60 ARS	new	Bravo	Apparel & Accessories > Clothing > Shirts & Tops	Remeras	no
73725	Remera BRAVO Original Algodon	Remera BRAVO Original Algodon. Marca Bravo. Colores: Azul, Ladrillo. Indumentaria y calzado de trabajo Pinillos.	https://www.pinillos.com.ar/Remera-bravo-original-algodon.html	https://plataforma.iduo.com.ar/Panelcontenidos/Contenidos/Remera-bravo-original-algodon-1701206528-decontenido0.png		in_stock	37340.60 ARS	new	Bravo	Apparel & Accessories > Clothing > Shirts & Tops	Remeras	no
73513	Zapato Dama Gema OMBU Negro P/ Composite	Zapato OMBU Seguridad Calzado Trabajo Cuero Gema P/ Composite ______________________________________ NUEVA LÍNEA OMBÚ GEMA, MÁS LIVIANO, MÁS RESISTENTE, MAYOR COMODIDAD ______________________________________ La calidad de siempre ahora con: • Puntera de acero, con certificación IRAM. • Planta bidensidad más liviana, resistente y cómoda. • Guarda reflectiva de alta visibilidad. • Calzado dieléctrico en su totalidad. • Calzado de seguridad Certificado bajos normas IRAM ____________________________________ Capellada Color: Negro Talles: 36 y 37 Capellada exterior: Cuero flor seleccionado de alta calidad y textil de gran tenecidad Capellada interior: Forro interno con tecnología OMBU TECH ANTIMICROBIAL (Protección antimicótica) / Forro de talón en cuero. Cuello: Acolchado confort perimetral con goma espuma. Lengüeta: Acolchado confort de goma espuma. Forro interno con tecnología OMBU TECH ANTIMICROBIAL Puntera: De composite CERTIFICADA POR IRAM. Accesorios: Exclusiva tecnología OMBU TECH PLUCONF (+) La Plantilla Ultra Confortable es el resultado de estudios Ergonométricos y Antropométricos realizados por especialistas. Guarda reflectiva de alta visibilidad. Tipo de Cordones: Tejidos de materiales compuestos por fibras sintéticas de alta resistencia con herretes de blindaje plástico reforzado en las puntas. Planta • Inyectada en PU Bidensidad Shock Absorber • Dieléctrica • Resistente a Hidrocarburos • Antideslizante • Autolimpiante • Resistente a la Flexión • Resistente a la Abrasión • Estrías para Escaleras • Traba de seguridad en zona de enfranque • Pisada Ancha • Calzado TRIDENSIDAD ___________________________ ¯¯¯¯¯¯¯¯¯¯¯¯¯¯¯¯¯¯¯¯¯¯¯¯¯¯¯¯¯¯¯¯¯¯¯¯¯¯¯¯¯¯¯¯¯ • Nos encontramos en Constitución, a metros de la estación de tren y subte. • Horario de atención: Lunes a Viernes 9 a 13 y 14 a 18 • Colectivos: 12, 28, 45, 46, 51, 53, 59, 84, 90, 96, 97, 98, 100, 102, 143, 168 • Subte: Linea C, Estación Constitución • Tren: Linea Roca, Estación Constitución • Emitimos Factura A y B • Envíos a todo el país ¯¯¯¯¯¯¯¯¯¯¯¯¯¯¯¯¯¯¯¯¯¯¯¯¯¯¯¯¯¯¯¯¯¯¯¯¯¯¯¯¯¯¯¯¯ ¡Estamos para lo que necesites no dudes en consultarnos!	https://www.pinillos.com.ar/Zapato-dama-gema-ombu-negro-p-composite.html	https://plataforma.iduo.com.ar/Panelcontenidos/Contenidos/Zapato-dama-gema-ombu-negro-p-composite-1699832100-0-0.png		in_stock	93324.88 ARS	new	Ombu	Apparel & Accessories > Shoes	Zapatos	no
72750	594 Bóxer Eyelit de algodon	Bóxer de algodón Art.594 Bóxer de algodón natural elastizado. De calce ajustado, se adapta confortablemente al cuerpo. Posee doble capa en refuerzo delantero y puño en piernas. ____________________________________ Talles: M a XXL (Guía de talles) 36/38 = S 40/42 = M 44/46 = L 48/50 = XL 52/54 = XXL ____________________________________ • Nos encontramos en Constitución , a metros de la estación de tren y subte. • Horario de atención: Lunes a Viernes 9 a 13 y 14 a 18 • Colectivos: 12, 28, 45, 46, 51, 53, 59, 84, 90, 96, 97, 98, 100, 102, 143, 168 • Subte: Linea C, Estación Constitución • Tren: Linea Roca, Estación Constitución • Emitimos Factura A y B • Envíos a todo el país ¯¯¯¯¯¯¯¯¯¯¯¯¯¯¯¯¯¯¯¯¯¯¯¯¯¯¯¯¯¯¯¯¯¯¯¯¯¯¯¯¯¯¯¯¯ ¡Estamos para lo que necesites no dudes en consultarnos!	https://www.pinillos.com.ar/594-boxer-eyelit-de-algodon.html	https://plataforma.iduo.com.ar/Panelcontenidos/Contenidos/594-boxer-eyelit-de-algodon-1694908927-0-0.jpeg	https://plataforma.iduo.com.ar/Panelcontenidos/Contenidos/594-boxer-eyelit-de-algodon-1694908927-0-1.jpeg	in_stock	21767.90 ARS	new	Eyelit	Apparel & Accessories > Clothing > Underwear & Socks > Underwear	Boxers	no
72751	598 Boxer Eyelit Estampado Algodon y Lycra	Boxer de algodón Art. 598 Boxer estampado de algodón natural elastizado. De calce ajustado, se adapta confortablemente al cuerpo. ____________________________________ Talles: M a XXL (Guía de talles) 36/38 = S 40/42 = M 44/46 = L 48/50 = XL 52/54 = XXL ____________________________________ • Nos encontramos en Constitución , a metros de la estación de tren y subte. • Horario de atención: Lunes a Viernes 9 a 13 y 14 a 18 • Colectivos: 12, 28, 45, 46, 51, 53, 59, 84, 90, 96, 97, 98, 100, 102, 143, 168 • Subte: Linea C, Estación Constitución • Tren: Linea Roca, Estación Constitución • Emitimos Factura A y B • Envíos a todo el país ¯¯¯¯¯¯¯¯¯¯¯¯¯¯¯¯¯¯¯¯¯¯¯¯¯¯¯¯¯¯¯¯¯¯¯¯¯¯¯¯¯¯¯¯¯ ¡Estamos para lo que necesites no dudes en consultarnos!	https://www.pinillos.com.ar/598-boxer-eyelit-estampado-algodon-y-lycra.html	https://plataforma.iduo.com.ar/Panelcontenidos/Contenidos/598-boxer-eyelit-estampado-algodon-y-lycra-1694962746-0-0.png		in_stock	21767.90 ARS	new	Eyelit	Apparel & Accessories > Clothing > Underwear & Socks > Underwear	Boxers	no
73693	Bota OMBU Industrial sin Puntera	BOTA INDUSTRIAL MARCA OMBU SIN PUNTERA COLOR NEGRA. Caña compuesta de material PVC Diseñada con diferentes grosores en función a la protección que cada área necesita, partiendo de 1.10 cm en la menor hasta 2.5 cm el mayor. En su interior posee una media de 100% poliester como forro protector ante el PVC. Bota ideal para el uso en Campo, Industria, Frigorifico, Encargados de Edificios, etc. Nos encontramos en Constitución, a metros de la estación de tren y subte. Horario de atención: Lunes a Viernes 9 a 13 y 14 a 18 Colectivos: 12, 28, 45, 46, 51, 53, 59, 84, 90, 96, 97, 98, 100, 102, 143, 168 Subte: Linea C, Estación Constitución Tren: Linea Roca, Estación Constitución Emitimos Factura A y B Envíos a todo el país ¡Estamos para lo que necesites, no dudes en consultarnos!	https://www.pinillos.com.ar/Bota-ombu-industrial-sin-puntera.html	https://plataforma.iduo.com.ar/Panelcontenidos/Contenidos/Bota-ombu-industrial-sin-puntera-1700755502-0-0.png	https://plataforma.iduo.com.ar/Panelcontenidos/Contenidos/Bota-ombu-industrial-sin-puntera-1700755502-0-1.webp	in_stock	44653.84 ARS	new	Ombu	Apparel & Accessories > Shoes	Botas de goma	no
72608	Pantalon Cargo Ripstop Antidesgarro PAMPERO 38-54	- Pantalon Cargo Ripstop Antidesgarro Marca Pampero Original • Tela Ripstop - Anti-Desgarro • Recorte trasero y en las rodillas • Bolsillos con tapa y botón • Cartera con cierre • Uso General • Unisex (Hombre / Mujer) Talles: 38 al 54	https://www.pinillos.com.ar/Pantalon-cargo-ripstop-antidesgarro-pampero-38-54_1701639393.html	https://plataforma.iduo.com.ar/Panelcontenidos/Contenidos/Pantalon-cargo-ripstop-antidesgarro-pampero-38-54-1701639383-1-0.png		in_stock	78582.24 ARS	new	Pampero	Apparel & Accessories > Clothing > Pants	Pantalones cargo	no
72545	Pantalon Cargo PAMPERO 38-54	Pantalon Cargo PAMPERO 38-54. Marca Pampero. Colores: Azul, Beige, Negro, Verde. Talles: 38, 40, 42, 44, 46, 48, 50, 52, 54. Indumentaria y calzado de trabajo Pinillos.	https://www.pinillos.com.ar/Pantalon-cargo-pampero-38-54_1701639501.html	https://plataforma.iduo.com.ar/Panelcontenidos/Contenidos/Pantalon-cargo-pampero-38-54-1701639487-0-0.png	https://plataforma.iduo.com.ar/Panelcontenidos/Contenidos/Pantalon-cargo-pampero-38-54-1701639487-0-1.png,https://plataforma.iduo.com.ar/Panelcontenidos/Contenidos/Pantalon-cargo-pampero-38-54-1701639487-0-2.png,https://plataforma.iduo.com.ar/Panelcontenidos/Contenidos/Pantalon-cargo-pampero-38-54-1701639487-0-3.png,https://plataforma.iduo.com.ar/Panelcontenidos/Contenidos/Pantalon-cargo-pampero-38-54-1701639487-0-4.png	in_stock	68522.30 ARS	new	Pampero	Apparel & Accessories > Clothing > Pants	Pantalones cargo	no
72524	Camisa de trabajo OMBU 38-48	Camisa de trabajo OMBU Confeccionada en Tela de Algodón 100% Sarga 2/1 Cerrada en 2 costuras, hilo mercerizado al tono, con canesú. Colores Blanco, Beige, Verde, Azulino, Azul Talles 38/48 Normal, 50/54 Especial.	https://www.pinillos.com.ar/Camisa-de-trabajo-ombu-38-48.html	https://plataforma.iduo.com.ar/Panelcontenidos/Contenidos/Camisa-de-trabajo-ombu-38-48-1718400020-0-0.webp	https://plataforma.iduo.com.ar/Panelcontenidos/Contenidos/Camisa-de-trabajo-ombu-38-48-1718400020-0-1.webp,https://plataforma.iduo.com.ar/Panelcontenidos/Contenidos/Camisa-de-trabajo-ombu-38-48-1718400020-0-2.webp,https://plataforma.iduo.com.ar/Panelcontenidos/Contenidos/Camisa-de-trabajo-ombu-38-48-1718400020-0-3.webp	in_stock	39763.02 ARS	new	Ombu	Apparel & Accessories > Clothing > Shirts & Tops	Camisas	no
72496	Botin OMBU Frances Negro punta de Acero	Botin OMBU Seguridad Calzado Trabajo Cuero FRANCES p/ Acero ______________________________________ NUEVA LÍNEA OMBÚ FRANCES, MÁS LIVIANO, MÁS RESISTENTE, MAYOR COMODIDAD ______________________________________ La calidad de siempre ahora con: • Puntera de acero, con certificación IRAM. • Planta bidensidad más liviana, resistente y cómoda. • Guarda reflectiva de alta visibilidad. • Calzado dieléctrico en su totalidad. • Calzado de seguridad Certificado bajos normas IRAM ____________________________________ Capellada Color: NEGRO Talles 37/38/39/40/41/42/43/44/45/46 Plantilla : Material textil no tejido de alta resistencia e inyectado con soporte de latex. Planta exterior : Cuenta con canales longitudinales. Composición: PU Bidensidad. Capellada: Cuero vacuno flor seleccionado de primera calidad. Costura: Con hilo de Nylon de alta tenacidad. Planta exterior: Poliuretano bi-densidad (NO PEGADO). Entreplanta: Densidad de 0,5 +/- 0,05 gr / cm3, dureza shore a 65 +/- 5 grados. Planta: Densidad de 1 +/- 0,1 gr / cm3 dureza shore A 70 +/- 5 grados. Puntera: Plástica Armado: unión de capellada con plantilla por sistema strobel, la planta está inyectada directamente a la capellada formando una sola pieza. Planta • Inyectada en PU Bidensidad Shock Absorber • Dieléctrica • Resistente a Hidrocarburos • Antideslizante • Autolimpiante • Resistente a la Flexión • Resistente a la Abrasión • Estrías para Escaleras • Traba de seguridad en zona de enfranque • Pisada Ancha • Calzado TRIDENSIDAD ¯¯¯¯¯¯¯¯¯¯¯¯¯¯¯¯¯¯¯¯¯¯¯¯¯¯¯¯¯¯¯¯¯¯¯¯¯¯¯¯¯¯¯¯¯ • Nos encontramos en Constitución, a metros de la estación de tren y subte. • Horario de atención: Lunes a Viernes 9 a 13 y 14 a 18 • Colectivos: 12, 28, 45, 46, 51, 53, 59, 84, 90, 96, 97, 98, 100, 102, 143, 168 • Subte: Linea C, Estación Constitución • Tren: Linea Roca, Estación Constitución • Emitimos Factura A y B • Envíos a todo el país ¯¯¯¯¯¯¯¯¯¯¯¯¯¯¯¯¯¯¯¯¯¯¯¯¯¯¯¯¯¯¯¯¯¯¯¯¯¯¯¯¯¯¯¯¯ ¡Estamos para lo que necesites no dudes en consultarnos!	https://www.pinillos.com.ar/Botin-ombu-frances-negro-punta-de-acero.html	https://plataforma.iduo.com.ar/Panelcontenidos/Contenidos/Botin-ombu-frances-negro-punta-de-acero-1694119050-0-0.png		in_stock	110734.36 ARS	new	Ombu	Apparel & Accessories > Shoes	Botines	no
72178	Buzo de algodón frisado negro	Buzo de Frisa - Comodidad y Estilo en un Solo Diseño Descripción del producto: Con su diseño elegante y versátil, el buzo de frisa se adapta a diferentes estilos y ocasiones. Podés usarlo para relajarte en casa, salir a correr, ir al gimnasio o simplemente como parte de tu atuendo diario. Combinalo con zapatillas deportivas para un look casual y moderno, o añadí una chaqueta o una gorra para darle un toque más urbano. Características principales: Material de alta calidad : El buzo de frisa está fabricado con una mezcla de algodón y poliéster de primera calidad, lo que garantiza una gran suavidad al tacto, resistencia al desgaste y durabilidad a largo plazo. El tejido de frisa proporciona un agradable abrigo y una sensación de calidez, ideal para climas frescos o para usar en épocas de transición. Diseño elegante y versátil: Este buzo cuenta con un diseño moderno y versátil que se adapta a diferentes estilos y ocasiones. Con mangas largas, cuello redondo y un ajuste regular, podrás combinarlo fácilmente con jeans, pantalones deportivos o incluso usarlo como capa adicional sobre tu ropa de entrenamiento. La paleta de colores neutros te permite elegir entre opciones clásicas como negro, gris y azul marino, que son fáciles de combinar con el resto de tu guardarropa. Comodidad excepcional : El buzo de frisa está diseñado pensando en tu comodidad. El tejido suave y transpirable proporciona una sensación de calidez sin hacer que te sientas abrumado. Además, el corte y la confección de calidad aseguran una libertad de movimiento óptima, permitiéndote realizar tus actividades diarias o rutinas de ejercicio sin restricciones. Detalles funcionales : Este buzo incluye detalles funcionales que realzan su practicidad. La cintura y los puños elásticos aseguran un ajuste cómodo y evitan que el frío se cuele por las aberturas, manteniéndote abrigado en todo momento. Fácil mantenimiento: El buzo de frisa es una prenda fácil de cuidar. Puede lavarse a máquina sin perder su forma ni suavidad, lo que te ahorra tiempo y esfuerzo en el mantenimiento. Además, su resistencia al desgaste garantiza que se mantendrá en excelente estado durante mucho tiempo, brindándote un valor duradero. El buzo de frisa es mucho más que una prenda básica. Combina estilo, comodidad y funcionalidad en un solo diseño, convirtiéndolo en una elección perfecta para cualquier ocasión. Ya sea que estés buscando relajarte en casa, hacer ejercicio o lucir un look casual con un toque moderno, este buzo te proporcionará el ajuste perfecto y te mantendrá abrigado y cómodo en todo momento. ¡Agrega el buzo de frisa a tu guardarropa y descubrí una nueva forma de estilo y confort!	https://www.pinillos.com.ar/Buzo-de-algodon-frisado-negro_1693417846.html	https://plataforma.iduo.com.ar/Panelcontenidos/Contenidos/Buzo-de-algodon-frisado-negro-1690980169-0-0.jpeg	https://plataforma.iduo.com.ar/Panelcontenidos/Contenidos/Buzo-de-algodon-frisado-negro-1690980169-0-1.jpeg	in_stock	24175.80 ARS	new	Humberto Chietti	Apparel & Accessories > Clothing > Shirts & Tops	Buzos	no
72181	Zapato OMBU Prusiano Negro punta de Acero	Zapato Ombu Prusiano, Calzado de Seguridad de Cuero con punta de Acero ______________________________________ NUEVA LÍNEA OMBÚ PRUSIANO, MÁS LIVIANO, MÁS RESISTENTE, MAYOR COMODIDAD ______________________________________ La calidad de siempre ahora con: •Puntera de acero, con certificación IRAM. •Planta bidensidad más liviana, resistente y cómoda. •Guarda reflectiva de alta visibilidad. •Calzado dieléctrico en su totalidad. Calzado de seguridad Certificado bajos normas IRAM ____________________________________ Capellada Color: Negro Talles 37/38/39/40/41/42/43/44/45/46 Capellada: Cuero vacuno flor seleccionado de primera calidad, espesor 1.8 a 2 mm. Forro: Textil, con refuerzo de cuero en talonera. Plantilla: Material textil no tejido de alta resistencia e inyectado con soporte de latex. Composición: PU Bidensidad. Costura: Con hilo de Nylon de alta tenacidad. Puntera: De acero (bajo normas). Planta exterior: Poliuretano bi-densidad (NO PEGADO). Entreplanta: Densidad de 0,5 +/- 0,05 gr / cm3, dureza shore a 65 +/- 5 grados. Ojales: Ojalillos metálicos de alta calidad y resistencia. Armado: Unión de capellada con plantilla por sistema strobel, la planta está inyectada directamente a la capellada formando una sola pieza. Planta: • Inyectada en PU Bidensidad Shock Absorber • Dieléctrica • Resistente a Hidrocarburos • Antideslizante • Autolimpiante • Resistente a la Flexión • Resistente a la Abrasión • Estrías para Escaleras • Traba de seguridad en zona de enfranque • Pisada Ancha ____________________________________ • Nos encontramos en Constitución, a metros de la estación de tren y subte. • Horario de atención: Lunes a Viernes 9 a 13 y 14 a 18 • Colectivos: 12, 28, 45, 46, 51, 53, 59, 84, 90, 96, 97, 98, 100, 102, 143, 168 • Subte: Linea C, Estación Constitución • Tren: Linea Roca, Estación Constitución • Emitimos Factura A y B • Envíos a todo el país ¯¯¯¯¯¯¯¯¯¯¯¯¯¯¯¯¯¯¯¯¯¯¯¯¯¯¯¯¯¯¯¯¯¯¯¯¯¯¯¯¯¯¯¯¯ ¡Estamos para lo que necesites no dudes en consultarnos!	https://www.pinillos.com.ar/Zapato-ombu-prusiano-negro-punta-de-acero.html	https://plataforma.iduo.com.ar/Panelcontenidos/Contenidos/Zapato-ombu-prusiano-negro-punta-de-acero-1694095952-0-0.png		in_stock	94380.00 ARS	new	Ombu	Apparel & Accessories > Shoes	Zapatos	no
72193	Zapato OMBU Ozono Negro punta de Acero	En el nuevo Zapato Ozono OMBU cada característica está diseñada para enfatizar tanto la funcionalidad como la comodidad, asegurando que el usuario esté protegido y a la vez pueda disfrutar de un zapato que se adapte a las exigencias de su jornada laboral. Con una apariencia profesional y elementos de seguridad clave, este zapato es una opción ideal para entornos de trabajo que requieren protección y durabilidad. Caracteristicas: Material exterior: Cuero Flor premium para durabilidad superior y comodidad prolongada. Capellada interior: Forro interno con tecnología OMBU TECH ANTIMICROBIAL (Protección antimicótica) / Forro de talón en cuero. Cuello: Acolchado confort perimetral con goma espuma. Lengüeta: Acolchado confort de goma espuma. Forro interno con tecnología OMBU TECH ANTIMICROBIAL Puntera: Protección Certificada que cumple con las normas IRAM 33471, asegurando protección contra impactos. Plantilla: La Plantilla Ultra Confortable es el resultado de estudios Ergonométricos y Antropométricos realizados por especialistas con Exclusiva tecnología OMBU TECH PLUCONF (+) Visibilidad Mejorada: Elementos reflectantes grises de alta visibilidad en laterales y cordones para mayor seguridad en condiciones de baja luz. Tipo de Cordones: Tejidos de materiales compuestos por fibras sintéticas de alta resistencia con herretes de blindaje plástico reforzado en las puntas. Pasa Cordones: Fabricados en plástico de alta resistencia, proporcionan seguridad y una sujeción firme. Planta Inyectada en PU Bidensidad Shock Absorber Dieléctrica Resistente a Hidrocarburos Antideslizante Autolimpiante Resistente a la Flexión Resistente a la Abrasión Estrías para Escaleras Traba de seguridad en zona de enfranque Pisada Ancha Talle Largo del pie 36 23,4 cm 37 24,0cm 38 25,2 cm 39 25,9 cm 40 26,6 cm 41 27,3 cm 42 28 cm 43 28,7 cm 44 29,4 cm 45 30,1 cm 46 30,8 cm	https://www.pinillos.com.ar/Zapato-ombu-ozono-negro-punta-de-acero.html	https://plataforma.iduo.com.ar/Panelcontenidos/Contenidos/Zapato-ombu-ozono-negro-punta-de-acero-1721325544-0-0.png	https://plataforma.iduo.com.ar/Panelcontenidos/Contenidos/Zapato-ombu-ozono-negro-punta-de-acero-1721325544-0-1.png	in_stock	110298.76 ARS	new	Ombu	Apparel & Accessories > Shoes	Zapatos	no
72217	Botín OMBU Frances Marrón punta Plastica	Botin OMBU Calzado Seguridad Trabajo Cuero FRANCES P/ Plastica ______________________________________ NUEVA LÍNEA OMBÚ FRANCES, MÁS LIVIANO, MÁS RESISTENTE, MAYOR COMODIDAD ______________________________________ La calidad de siempre ahora con: • Puntera de acero, con certificación IRAM. • Planta bidensidad más liviana, resistente y cómoda. • Guarda reflectiva de alta visibilidad. • Calzado dieléctrico en su totalidad. • Calzado de seguridad Certificado bajos normas IRAM ____________________________________ Capellada Color: MARRON Talles 37/38/39/40/41/42/43/44/45/46 Plantilla : Material textil no tejido de alta resistencia e inyectado con soporte de latex. Planta exterior : Cuenta con canales longitudinales. Composición: PU Bidensidad. Capellada: Cuero vacuno flor seleccionado de primera calidad. Costura: Con hilo de Nylon de alta tenacidad. Planta exterior: Poliuretano bi-densidad (NO PEGADO). Entreplanta: Densidad de 0,5 +/- 0,05 gr / cm3, dureza shore a 65 +/- 5 grados. Planta: Densidad de 1 +/- 0,1 gr / cm3 dureza shore A 70 +/- 5 grados. Puntera: Plástica Armado: unión de capellada con plantilla por sistema strobel, la planta está inyectada directamente a la capellada formando una sola pieza. Planta • Inyectada en PU Bidensidad Shock Absorber • Dieléctrica • Resistente a Hidrocarburos • Antideslizante • Autolimpiante • Resistente a la Flexión • Resistente a la Abrasión • Estrías para Escaleras • Traba de seguridad en zona de enfranque • Pisada Ancha • Calzado TRIDENSIDAD ____________________________________ ¯¯¯¯¯¯¯¯¯¯¯¯¯¯¯¯¯¯¯¯¯¯¯¯¯¯¯¯¯¯¯¯¯¯¯¯¯¯¯¯¯¯¯¯¯ • Nos encontramos en Constitución, a metros de la estación de tren y subte. • Horario de atención: Lunes a Viernes 9 a 13 y 14 a 18 • Colectivos: 12, 28, 45, 46, 51, 53, 59, 84, 90, 96, 97, 98, 100, 102, 143, 168 • Subte: Linea C, Estación Constitución • Tren: Linea Roca, Estación Constitución • Emitimos Factura A y B • Envíos a todo el país ¯¯¯¯¯¯¯¯¯¯¯¯¯¯¯¯¯¯¯¯¯¯¯¯¯¯¯¯¯¯¯¯¯¯¯¯¯¯¯¯¯¯¯¯¯ ¡Estamos para lo que necesites no dudes en consultarnos!	https://www.pinillos.com.ar/Botin-ombu-frances-marron-punta-plastica_1694467517.html	https://plataforma.iduo.com.ar/Panelcontenidos/Contenidos/Botin-ombu-frances-marron-punta-plastica-1694465217-0-0.png	https://plataforma.iduo.com.ar/Panelcontenidos/Contenidos/Botin-ombu-frances-marron-punta-plastica-1694465217-0-1.png	in_stock	112355.76 ARS	new	Ombu	Apparel & Accessories > Shoes	Botines	no
72492	Botin PISFER Puntera De Acero Suela PVC	"Botin de Seguridad PISFER Puntera de Acero Suela Pvc Este calzado es fabricado en las instalaciones de OMBU bajo los mismos requerimientos de calidad. Capellada en cuero vacuno Box de 1,8 a 2 mm de espesor. Forreria de material textíl tejido con soporte de 2mm de espesor, tiene tratamiento anti microbiano sanitized Forro de capellada: Material textil no tejido de espesor 1 mm. a 1.2 mm. Forro de caña y cuello: Capellada material textil tejido con soporte, de espesor 2 mm, cuenta con tratamiento antimicrobiano sanitized, en la caña. Refuerzo de talonera: Material cuero vacuno or napa, espesor de 1 a 1,2 mm. Evita la rotura por desgaste Accesorios y elementos de armado : En el borde superior de la caña: lleva en su interior un acolchado perimetral de poliuretano expandido (goma espuma), densidad 20 gr. con una altura de 2cm ""Puntera De acero, resistente al impacto según ensayo requerido en punto 4.3.3. ""C"" Norma IRAM 3610. Resistente a la compresión según ensayo requerido en punto 4.3.3.""D"" Norma IRAM 3610. En lo interno está revestido con material de látex laminados, de cantos rebajados para minimizar eventuales molestias al exionar el pié"" ""Planta exterior de PVC Planta inyectada en PVC. Con dibujo antideslizante y auto-limpiante y relieve ubicado para evitar el quiebre de la planta resistente a los hidrocarburos"" Capellada Color: Negro Talles 38/39/40/41/42/43/44/45 ____________________________________ • Nos encontramos en Constitución, a metros de la estación de tren y subte. • Horario de atención: Lunes a Viernes 9 a 13 y 14 a 18 • Colectivos: 12, 28, 45, 46, 51, 53, 59, 84, 90, 96, 97, 98, 100, 102, 143, 168 • Subte: Linea C, Estación Constitución • Tren: Linea Roca, Estación Constitución • Emitimos Factura A y B • Envíos a todo el país ¯¯¯¯¯¯¯¯¯¯¯¯¯¯¯¯¯¯¯¯¯¯¯¯¯¯¯¯¯¯¯¯¯¯¯¯¯¯¯¯¯¯¯¯¯ ¡Estamos para lo que necesites no dudes en consultarnos!"	https://www.pinillos.com.ar/Botin-pisfer-puntera-de-acero-suela-pvc.html	https://plataforma.iduo.com.ar/Panelcontenidos/Contenidos/Botin-de-seguridad-pisfer-puntera-de-acero-suela-pvc-1694116262-0-0.png		in_stock	73393.76 ARS	new	Pisfer	Apparel & Accessories > Shoes	Botines	no
76985	Jean RICA LEWIS Denim Clásico Lona Gruesa	¡Hola a todos los amantes del estilo clásico! Presentamos el increíble Pantalón de Jean Rica Lewis, un verdadero ícono de la moda. Este pantalón, con su corte clásico y confeccionado con lona gruesa de alta calidad, te brindará comodidad y durabilidad inigualables. Características destacadas: Marca: Rica Lewis Color: Denim (azul clásico) Corte: Clásico Material: Lona gruesa resistente Tallas disponibles: 38, 40, 42, 44, 46, 48, 50, 52, 54, 56, 58, 60 Ya no tenes que preocuparte por encontrar el talle perfecto, ya que ofrecemos una amplia gama de tallas que van desde el 38 hasta el 60. ¡En Pinillos encontrarás el pantalón perfecto que se ajuste a tu estilo y medida! Nuestro compromiso es brindarte la mejor experiencia de compra. Además, ofrecemos envío gratuito para que recibas tu pantalón directamente en la puerta de tu casa, sin complicaciones. No pierdas la oportunidad de lucir a la moda y sentirte cómodo al mismo tiempo. Este pantalón de jean Rica Lewis es ideal para cualquier ocasión, ya sea un evento casual o una salida con amigos. ¡Destaca tu estilo con este clásico atemporal! ¡Aprovecha esta oferta y llevate tu pantalón de Jean Rica Lewis ahora mismo! ¡No te quedes sin el tuyo!	https://www.pinillos.com.ar/Jean-rica-lewis-denim-clasico-lona-gruesa.html	https://plataforma.iduo.com.ar/Panelcontenidos/Contenidos/Jean-rica-lewis-denim-clasico-lona-gruesa-1718305542-0-0.webp	https://plataforma.iduo.com.ar/Panelcontenidos/Contenidos/Jean-rica-lewis-denim-clasico-lona-gruesa-1718305542-0-1.png,https://plataforma.iduo.com.ar/Panelcontenidos/Contenidos/Jean-rica-lewis-denim-clasico-lona-gruesa-1718305542-0-2.jpg	in_stock	60500.00 ARS	new	Rica Lewis	Apparel & Accessories > Clothing > Pants	Jeans	no
76987	Jean RICA LEWIS American Celeste Clàsico	¡Hola a todos los amantes del estilo clásico! Presentamos el increíble Pantalón de Jean Rica Lewis, un verdadero ícono de la moda. Este pantalón, con su corte clásico y confeccionado con lona de alta calidad, te brindará comodidad y durabilidad inigualables. Características destacadas: Marca: Rica Lewis Color: Celeste Corte: Clásico Material: Lona resistente Tallas disponibles: 38, 40, 42, 44, 46, 48, 50, 52, 54, 56, 58, 60 Ya no tenes que preocuparte por encontrar el talle perfecto, ya que ofrecemos una amplia gama de tallas que van desde el 38 hasta el 60. ¡En Pinillos encontrarás el pantalón perfecto que se ajuste a tu estilo y medida! Nuestro compromiso es brindarte la mejor experiencia de compra. No pierdas la oportunidad de lucir a la moda y sentirte cómodo al mismo tiempo. Este pantalón de jean Rica Lewis es ideal para cualquier ocasión, ya sea un evento casual o una salida con amigos. ¡Destaca tu estilo con este clásico atemporal! ¡Aprovecha esta oferta y llevate tu pantalón de Jean Rica Lewis ahora mismo! ¡No te quedes sin el tuyo!	https://www.pinillos.com.ar/Jean-rica-lewis-american-celeste-clasico.html	https://plataforma.iduo.com.ar/Panelcontenidos/Contenidos/Jean-rica-lewis-american-celeste-clasico-1718307204-0-0.webp	https://plataforma.iduo.com.ar/Panelcontenidos/Contenidos/Jean-rica-lewis-american-celeste-clasico-1718307204-0-1.png,https://plataforma.iduo.com.ar/Panelcontenidos/Contenidos/Jean-rica-lewis-american-celeste-clasico-1718307204-0-2.png,https://plataforma.iduo.com.ar/Panelcontenidos/Contenidos/Jean-rica-lewis-american-celeste-clasico-1718307204-0-3.jpg	in_stock	58080.00 ARS	new	Rica Lewis	Apparel & Accessories > Clothing > Pants	Jeans	no
76986	Jean RICA LEWIS Blue Black Clásico Lona Gruesa	Presentamos el increíble Pantalón de Jean Rica Lewis, un verdadero ícono de la moda. Este pantalón, con su corte clásico y confeccionado con lona gruesa de alta calidad, te brindará comodidad y durabilidad inigualables. Características destacadas: Marca: Rica Lewis Color: Blue Black (Azul Marino) Corte: Clásico Material: Lona gruesa resistente Tallas disponibles: 38, 40, 42, 44, 46, 48, 50, 52, 54, 56, 58, 60 Ya no tenes que preocuparte por encontrar el talle perfecto, ya que ofrecemos una amplia gama de tallas que van desde el 38 hasta el 60. ¡En Pinillos encontrarás el pantalón perfecto que se ajuste a tu estilo y medida! Nuestro compromiso es brindarte la mejor experiencia de compra. Además, ofrecemos envío gratuito para que recibas tu pantalón directamente en la puerta de tu casa, sin complicaciones. No pierdas la oportunidad de lucir a la moda y sentirte cómodo al mismo tiempo. Este pantalón de jean Rica Lewis es ideal para cualquier ocasión, ya sea un evento casual o una salida con amigos. ¡Destaca tu estilo con este clásico atemporal! ¡Aprovecha esta oferta y llevate tu pantalón de Jean Rica Lewis ahora mismo! ¡No te quedes sin el tuyo!	https://www.pinillos.com.ar/Jean-rica-lewis-blue-black-clasico-lona-gruesa.html	https://plataforma.iduo.com.ar/Panelcontenidos/Contenidos/Jean-rica-lewis-blue-black-clasico-lona-gruesa-1718306388-0-0.webp	https://plataforma.iduo.com.ar/Panelcontenidos/Contenidos/Jean-rica-lewis-blue-black-clasico-lona-gruesa-1718306388-0-1.webp,https://plataforma.iduo.com.ar/Panelcontenidos/Contenidos/Jean-rica-lewis-blue-black-clasico-lona-gruesa-1718306388-0-2.webp,https://plataforma.iduo.com.ar/Panelcontenidos/Contenidos/Jean-rica-lewis-blue-black-clasico-lona-gruesa-1718306388-0-3.jpg	in_stock	64130.00 ARS	new	Rica Lewis	Apparel & Accessories > Clothing > Pants	Jeans	no
72619	Zapato OMBU Ozono Marron punta Plastica	Zapato OMBU Seguridad Calzado Trabajo Cuero Ozono P/Plástica ______________________________________ NUEVA LÍNEA OMBÚ OZONO PLUS, MÁS LIVIANO, MÁS RESISTENTE, MAYOR COMODIDAD ______________________________________ La calidad de siempre ahora con: • Puntera de acero, con certificación IRAM. • Planta bidensidad más liviana, resistente y cómoda. • Guarda reflectiva de alta visibilidad. • Calzado dieléctrico en su totalidad. • Calzado de seguridad Certificado bajos normas IRAM ____________________________________ Capellada Color: Marrón Talles 37/38/39/40/41/42/43/44/45/46 Capellada exterior: Cuero flor seleccionado de alta calidad. Capellada interior: Forro interno con tecnología OMBU TECH ANTIMICROBIAL (Protección antimicótica) / Forro de talón en cuero. Cuello: Acolchado confort perimetral con goma espuma. Lengüeta: Acolchado confort de goma espuma. Forro interno con tecnología OMBU TECH ANTIMICROBIAL Puntera: De acero CERTIFICADA POR IRAM. Accesorios: Exclusiva tecnología OMBU TECH PLUCONF (+) La Plantilla Ultra Confortable es el resultado de estudios Ergonométricos y Antropométricos realizados por especialistas. Guarda reflectiva de alta visibilidad. Tipo de Cordones: Tejidos de materiales compuestos por fibras sintéticas de alta resistencia con herretes de blindaje plástico reforzado en las puntas. Pasa Cordones: Ganchos metálicos de máxima resistencia. Planta • Inyectada en PU Bidensidad Shock Absorber • Dieléctrica • Resistente a Hidrocarburos • Antideslizante • Autolimpiante • Resistente a la Flexión • Resistente a la Abrasión • Estrías para Escaleras • Traba de seguridad en zona de enfranque • Pisada Ancha • Calzado TRIDENSIDAD ___________________________ ¯¯¯¯¯¯¯¯¯¯¯¯¯¯¯¯¯¯¯¯¯¯¯¯¯¯¯¯¯¯¯¯¯¯¯¯¯¯¯¯¯¯¯¯¯ • Nos encontramos en Constitución, a metros de la estación de tren y subte. • Horario de atención: Lunes a Viernes 9 a 13 y 14 a 18 • Colectivos: 12, 28, 45, 46, 51, 53, 59, 84, 90, 96, 97, 98, 100, 102, 143, 168 • Subte: Linea C, Estación Constitución • Tren: Linea Roca, Estación Constitución • Emitimos Factura A y B • Envíos a todo el país ¯¯¯¯¯¯¯¯¯¯¯¯¯¯¯¯¯¯¯¯¯¯¯¯¯¯¯¯¯¯¯¯¯¯¯¯¯¯¯¯¯¯¯¯¯ ¡Estamos para lo que necesites no dudes en consultarnos!	https://www.pinillos.com.ar/Zapato-ombu-ozono-marron-punta-plastica.html	https://plataforma.iduo.com.ar/Panelcontenidos/Contenidos/Zapato-ozono-marron-p-plastica-1694544307-0-0.png		in_stock	111808.84 ARS	new	Ombu	Apparel & Accessories > Shoes	Zapatos	no
72614	526 Boxer Eyelit Alg/Lycra con elástico bordado	EYELIT Bóxer de algodón natural elastizado. De calce ajustado, su tejido suave y resistente se adapta confortablemente al cuerpo. Posee puño en piernas. Articulo: 526 Composición: 94% algodón, 6% elastano Talles: M a XXL (Guía de talles) 36/38 = S 40/42 = M 44/46 = L 48/50 = XL 52/54 = XXL ____________________________________ • Nos encontramos en Constitución , a metros de la estación de tren y subte. • Horario de atención: Lunes a Viernes 9 a 13 y 14 a 18 • Colectivos: 12, 28, 45, 46, 51, 53, 59, 84, 90, 96, 97, 98, 100, 102, 143, 168 • Subte: Linea C, Estación Constitución • Tren: Linea Roca, Estación Constitución • Emitimos Factura A y B • Envíos a todo el país ¯¯¯¯¯¯¯¯¯¯¯¯¯¯¯¯¯¯¯¯¯¯¯¯¯¯¯¯¯¯¯¯¯¯¯¯¯¯¯¯¯¯¯¯¯ ¡Estamos para lo que necesites no dudes en consultarnos!	https://www.pinillos.com.ar/526-boxer-eyelit-alglycra-con-elastico-bordado.html	https://plataforma.iduo.com.ar/Panelcontenidos/Contenidos/526-boxer-eyelit-alglycra-con-elastico-bordado-1694541997-0-0.webp	https://plataforma.iduo.com.ar/Panelcontenidos/Contenidos/526-boxer-eyelit-alglycra-con-elastico-bordado-1694541997-0-1.webp,https://plataforma.iduo.com.ar/Panelcontenidos/Contenidos/526-boxer-eyelit-alglycra-con-elastico-bordado-1694541997-0-2.webp	in_stock	21767.90 ARS	new	Eyelit	Apparel & Accessories > Clothing > Underwear & Socks > Underwear	Boxers	no
